file,line,type,commit,author,date,time,timezone,datetime,depth,length
style.css,1,css,de0ece94,Daniel Budidharma,2025-04-09,18:35:51,-07:00,2025-04-09T18:35:51-07:00,0,6
style.css,2,css,7c390a84,Daniel Budidharma,2025-04-16,21:33:51,-07:00,2025-04-16T21:33:51-07:00,0,46
style.css,3,css,de0ece94,Daniel Budidharma,2025-04-09,18:35:51,-07:00,2025-04-09T18:35:51-07:00,0,20
style.css,4,css,de0ece94,Daniel Budidharma,2025-04-09,18:35:51,-07:00,2025-04-09T18:35:51-07:00,0,0
style.css,5,css,de0ece94,Daniel Budidharma,2025-04-09,18:35:51,-07:00,2025-04-09T18:35:51-07:00,0,0
style.css,6,css,ecd8d456,Daniel Budidharma,2025-04-25,10:50:32,-07:00,2025-04-25T10:50:32-07:00,0,26
style.css,7,css,ecd8d456,Daniel Budidharma,2025-04-25,10:50:32,-07:00,2025-04-25T10:50:32-07:00,0,12
style.css,8,css,ecd8d456,Daniel Budidharma,2025-04-25,10:50:32,-07:00,2025-04-25T10:50:32-07:00,0,19
style.css,9,css,ecd8d456,Daniel Budidharma,2025-04-25,10:50:32,-07:00,2025-04-25T10:50:32-07:00,0,21
style.css,10,css,ecd8d456,Daniel Budidharma,2025-04-25,10:50:32,-07:00,2025-04-25T10:50:32-07:00,0,18
style.css,11,css,ecd8d456,Daniel Budidharma,2025-04-25,10:50:32,-07:00,2025-04-25T10:50:32-07:00,0,0
style.css,12,css,ecd8d456,Daniel Budidharma,2025-04-25,10:50:32,-07:00,2025-04-25T10:50:32-07:00,0,0
style.css,13,css,ecd8d456,Daniel Budidharma,2025-04-25,10:50:32,-07:00,2025-04-25T10:50:32-07:00,0,15
style.css,14,css,ecd8d456,Daniel Budidharma,2025-04-25,10:50:32,-07:00,2025-04-25T10:50:32-07:00,0,11
style.css,15,css,ecd8d456,Daniel Budidharma,2025-04-25,10:50:32,-07:00,2025-04-25T10:50:32-07:00,0,19
style.css,16,css,ecd8d456,Daniel Budidharma,2025-04-25,10:50:32,-07:00,2025-04-25T10:50:32-07:00,0,21
style.css,17,css,ecd8d456,Daniel Budidharma,2025-04-25,10:50:32,-07:00,2025-04-25T10:50:32-07:00,0,18
style.css,18,css,ecd8d456,Daniel Budidharma,2025-04-25,10:50:32,-07:00,2025-04-25T10:50:32-07:00,0,0
style.css,19,css,ecd8d456,Daniel Budidharma,2025-04-25,10:50:32,-07:00,2025-04-25T10:50:32-07:00,0,0
style.css,20,css,ecd8d456,Daniel Budidharma,2025-04-25,10:50:32,-07:00,2025-04-25T10:50:32-07:00,0,0
style.css,21,css,fcfc85d6,Daniel Budidharma,2025-04-16,21:26:46,-07:00,2025-04-16T21:26:46-07:00,0,19
style.css,22,css,fcfc85d6,Daniel Budidharma,2025-04-16,21:26:46,-07:00,2025-04-16T21:26:46-07:00,0,18
style.css,23,css,fcfc85d6,Daniel Budidharma,2025-04-16,21:26:46,-07:00,2025-04-16T21:26:46-07:00,0,9
style.css,24,css,fcfc85d6,Daniel Budidharma,2025-04-16,21:26:46,-07:00,2025-04-16T21:26:46-07:00,0,11
style.css,25,css,fcfc85d6,Daniel Budidharma,2025-04-16,21:26:46,-07:00,2025-04-16T21:26:46-07:00,0,0
style.css,26,css,fcfc85d6,Daniel Budidharma,2025-04-16,21:26:46,-07:00,2025-04-16T21:26:46-07:00,0,0
style.css,27,css,69540b56,Daniel Budidharma,2025-04-03,15:00:48,-07:00,2025-04-03T15:00:48-07:00,0,5
style.css,28,css,69540b56,Daniel Budidharma,2025-04-03,15:00:48,-07:00,2025-04-03T15:00:48-07:00,0,44
style.css,29,css,69540b56,Daniel Budidharma,2025-04-03,15:00:48,-07:00,2025-04-03T15:00:48-07:00,0,43
style.css,30,css,69540b56,Daniel Budidharma,2025-04-03,15:00:48,-07:00,2025-04-03T15:00:48-07:00,0,1
style.css,31,css,69540b56,Daniel Budidharma,2025-04-03,15:00:48,-07:00,2025-04-03T15:00:48-07:00,0,24
style.css,32,css,de0ece94,Daniel Budidharma,2025-04-09,18:35:51,-07:00,2025-04-09T18:35:51-07:00,0,16
style.css,33,css,de0ece94,Daniel Budidharma,2025-04-09,18:35:51,-07:00,2025-04-09T18:35:51-07:00,0,19
style.css,34,css,de0ece94,Daniel Budidharma,2025-04-09,18:35:51,-07:00,2025-04-09T18:35:51-07:00,0,13
style.css,35,css,de0ece94,Daniel Budidharma,2025-04-09,18:35:51,-07:00,2025-04-09T18:35:51-07:00,0,0
style.css,36,css,de0ece94,Daniel Budidharma,2025-04-09,18:35:51,-07:00,2025-04-09T18:35:51-07:00,0,33
style.css,37,css,ecd8d456,Daniel Budidharma,2025-04-25,10:50:32,-07:00,2025-04-25T10:50:32-07:00,0,33
style.css,38,css,ecd8d456,Daniel Budidharma,2025-04-25,10:50:32,-07:00,2025-04-25T10:50:32-07:00,0,24
style.css,39,css,de0ece94,Daniel Budidharma,2025-04-09,18:35:51,-07:00,2025-04-09T18:35:51-07:00,0,0
style.css,40,css,de0ece94,Daniel Budidharma,2025-04-09,18:35:51,-07:00,2025-04-09T18:35:51-07:00,0,0
style.css,41,css,de0ece94,Daniel Budidharma,2025-04-09,18:35:51,-07:00,2025-04-09T18:35:51-07:00,0,3
style.css,42,css,de0ece94,Daniel Budidharma,2025-04-09,18:35:51,-07:00,2025-04-09T18:35:51-07:00,0,15
style.css,43,css,de0ece94,Daniel Budidharma,2025-04-09,18:35:51,-07:00,2025-04-09T18:35:51-07:00,0,0
style.css,44,css,de0ece94,Daniel Budidharma,2025-04-09,18:35:51,-07:00,2025-04-09T18:35:51-07:00,0,0
style.css,45,css,de0ece94,Daniel Budidharma,2025-04-09,18:35:51,-07:00,2025-04-09T18:35:51-07:00,0,22
style.css,46,css,de0ece94,Daniel Budidharma,2025-04-09,18:35:51,-07:00,2025-04-09T18:35:51-07:00,0,16
style.css,47,css,de0ece94,Daniel Budidharma,2025-04-09,18:35:51,-07:00,2025-04-09T18:35:51-07:00,0,18
style.css,48,css,de0ece94,Daniel Budidharma,2025-04-09,18:35:51,-07:00,2025-04-09T18:35:51-07:00,0,0
style.css,49,css,de0ece94,Daniel Budidharma,2025-04-09,18:35:51,-07:00,2025-04-09T18:35:51-07:00,0,0
style.css,50,css,0660f8c4,Daniel Budidharma,2025-04-24,13:47:16,-07:00,2025-04-24T13:47:16-07:00,0,13
style.css,51,css,de0ece94,Daniel Budidharma,2025-04-09,18:35:51,-07:00,2025-04-09T18:35:51-07:00,0,4
style.css,52,css,de0ece94,Daniel Budidharma,2025-04-09,18:35:51,-07:00,2025-04-09T18:35:51-07:00,0,13
style.css,53,css,de0ece94,Daniel Budidharma,2025-04-09,18:35:51,-07:00,2025-04-09T18:35:51-07:00,0,18
style.css,54,css,de0ece94,Daniel Budidharma,2025-04-09,18:35:51,-07:00,2025-04-09T18:35:51-07:00,0,24
style.css,55,css,de0ece94,Daniel Budidharma,2025-04-09,18:35:51,-07:00,2025-04-09T18:35:51-07:00,0,26
style.css,56,css,de0ece94,Daniel Budidharma,2025-04-09,18:35:51,-07:00,2025-04-09T18:35:51-07:00,0,37
style.css,57,css,de0ece94,Daniel Budidharma,2025-04-09,18:35:51,-07:00,2025-04-09T18:35:51-07:00,0,0
style.css,58,css,de0ece94,Daniel Budidharma,2025-04-09,18:35:51,-07:00,2025-04-09T18:35:51-07:00,0,2
style.css,59,css,de0ece94,Daniel Budidharma,2025-04-09,18:35:51,-07:00,2025-04-09T18:35:51-07:00,0,7
style.css,60,css,de0ece94,Daniel Budidharma,2025-04-09,18:35:51,-07:00,2025-04-09T18:35:51-07:00,0,21
style.css,61,css,de0ece94,Daniel Budidharma,2025-04-09,18:35:51,-07:00,2025-04-09T18:35:51-07:00,0,14
style.css,62,css,de0ece94,Daniel Budidharma,2025-04-09,18:35:51,-07:00,2025-04-09T18:35:51-07:00,0,18
style.css,63,css,de0ece94,Daniel Budidharma,2025-04-09,18:35:51,-07:00,2025-04-09T18:35:51-07:00,0,14
style.css,64,css,de0ece94,Daniel Budidharma,2025-04-09,18:35:51,-07:00,2025-04-09T18:35:51-07:00,0,37
style.css,65,css,de0ece94,Daniel Budidharma,2025-04-09,18:35:51,-07:00,2025-04-09T18:35:51-07:00,0,0
style.css,66,css,de0ece94,Daniel Budidharma,2025-04-09,18:35:51,-07:00,2025-04-09T18:35:51-07:00,0,8
style.css,67,css,de0ece94,Daniel Budidharma,2025-04-09,18:35:51,-07:00,2025-04-09T18:35:51-07:00,0,37
style.css,68,css,de0ece94,Daniel Budidharma,2025-04-09,18:35:51,-07:00,2025-04-09T18:35:51-07:00,0,21
style.css,69,css,de0ece94,Daniel Budidharma,2025-04-09,18:35:51,-07:00,2025-04-09T18:35:51-07:00,0,26
style.css,70,css,de0ece94,Daniel Budidharma,2025-04-09,18:35:51,-07:00,2025-04-09T18:35:51-07:00,0,26
style.css,71,css,de0ece94,Daniel Budidharma,2025-04-09,18:35:51,-07:00,2025-04-09T18:35:51-07:00,0,0
style.css,72,css,de0ece94,Daniel Budidharma,2025-04-09,18:35:51,-07:00,2025-04-09T18:35:51-07:00,0,0
style.css,73,css,de0ece94,Daniel Budidharma,2025-04-09,18:35:51,-07:00,2025-04-09T18:35:51-07:00,0,9
style.css,74,css,de0ece94,Daniel Budidharma,2025-04-09,18:35:51,-07:00,2025-04-09T18:35:51-07:00,0,21
style.css,75,css,de0ece94,Daniel Budidharma,2025-04-09,18:35:51,-07:00,2025-04-09T18:35:51-07:00,0,26
style.css,76,css,de0ece94,Daniel Budidharma,2025-04-09,18:35:51,-07:00,2025-04-09T18:35:51-07:00,0,26
style.css,77,css,de0ece94,Daniel Budidharma,2025-04-09,18:35:51,-07:00,2025-04-09T18:35:51-07:00,0,17
style.css,78,css,de0ece94,Daniel Budidharma,2025-04-09,18:35:51,-07:00,2025-04-09T18:35:51-07:00,0,0
style.css,79,css,de0ece94,Daniel Budidharma,2025-04-09,18:35:51,-07:00,2025-04-09T18:35:51-07:00,0,0
style.css,80,css,de0ece94,Daniel Budidharma,2025-04-09,18:35:51,-07:00,2025-04-09T18:35:51-07:00,0,0
style.css,81,css,0660f8c4,Daniel Budidharma,2025-04-24,13:47:16,-07:00,2025-04-24T13:47:16-07:00,0,14
style.css,82,css,0660f8c4,Daniel Budidharma,2025-04-24,13:47:16,-07:00,2025-04-24T13:47:16-07:00,0,15
style.css,83,css,0660f8c4,Daniel Budidharma,2025-04-24,13:47:16,-07:00,2025-04-24T13:47:16-07:00,0,13
style.css,84,css,0660f8c4,Daniel Budidharma,2025-04-24,13:47:16,-07:00,2025-04-24T13:47:16-07:00,0,23
style.css,85,css,0660f8c4,Daniel Budidharma,2025-04-24,13:47:16,-07:00,2025-04-24T13:47:16-07:00,0,11
style.css,86,css,0660f8c4,Daniel Budidharma,2025-04-24,13:47:16,-07:00,2025-04-24T13:47:16-07:00,0,58
style.css,87,css,0660f8c4,Daniel Budidharma,2025-04-24,13:47:16,-07:00,2025-04-24T13:47:16-07:00,0,0
style.css,88,css,0660f8c4,Daniel Budidharma,2025-04-24,13:47:16,-07:00,2025-04-24T13:47:16-07:00,0,0
style.css,89,css,0660f8c4,Daniel Budidharma,2025-04-24,13:47:16,-07:00,2025-04-24T13:47:16-07:00,0,17
style.css,90,css,0660f8c4,Daniel Budidharma,2025-04-24,13:47:16,-07:00,2025-04-24T13:47:16-07:00,0,7
style.css,91,css,0660f8c4,Daniel Budidharma,2025-04-24,13:47:16,-07:00,2025-04-24T13:47:16-07:00,0,16
style.css,92,css,0660f8c4,Daniel Budidharma,2025-04-24,13:47:16,-07:00,2025-04-24T13:47:16-07:00,0,15
style.css,93,css,0660f8c4,Daniel Budidharma,2025-04-24,13:47:16,-07:00,2025-04-24T13:47:16-07:00,0,0
style.css,94,css,0660f8c4,Daniel Budidharma,2025-04-24,13:47:16,-07:00,2025-04-24T13:47:16-07:00,0,0
style.css,95,css,0660f8c4,Daniel Budidharma,2025-04-24,13:47:16,-07:00,2025-04-24T13:47:16-07:00,0,13
style.css,96,css,0660f8c4,Daniel Budidharma,2025-04-24,13:47:16,-07:00,2025-04-24T13:47:16-07:00,0,12
style.css,97,css,0660f8c4,Daniel Budidharma,2025-04-24,13:47:16,-07:00,2025-04-24T13:47:16-07:00,0,12
style.css,98,css,0660f8c4,Daniel Budidharma,2025-04-24,13:47:16,-07:00,2025-04-24T13:47:16-07:00,0,19
style.css,99,css,0660f8c4,Daniel Budidharma,2025-04-24,13:47:16,-07:00,2025-04-24T13:47:16-07:00,0,17
style.css,100,css,0660f8c4,Daniel Budidharma,2025-04-24,13:47:16,-07:00,2025-04-24T13:47:16-07:00,0,0
style.css,101,css,0660f8c4,Daniel Budidharma,2025-04-24,13:47:16,-07:00,2025-04-24T13:47:16-07:00,0,0
style.css,102,css,de0ece94,Daniel Budidharma,2025-04-09,18:35:51,-07:00,2025-04-09T18:35:51-07:00,0,5
style.css,103,css,de0ece94,Daniel Budidharma,2025-04-09,18:35:51,-07:00,2025-04-09T18:35:51-07:00,0,12
style.css,104,css,de0ece94,Daniel Budidharma,2025-04-09,18:35:51,-07:00,2025-04-09T18:35:51-07:00,0,31
style.css,105,css,de0ece94,Daniel Budidharma,2025-04-09,18:35:51,-07:00,2025-04-09T18:35:51-07:00,0,8
style.css,106,css,de0ece94,Daniel Budidharma,2025-04-09,18:35:51,-07:00,2025-04-09T18:35:51-07:00,0,19
style.css,107,css,de0ece94,Daniel Budidharma,2025-04-09,18:35:51,-07:00,2025-04-09T18:35:51-07:00,0,6
style.css,108,css,5a695207,Daniel Budidharma,2025-04-11,12:44:52,-07:00,2025-04-11T12:44:52-07:00,0,12
style.css,109,css,de0ece94,Daniel Budidharma,2025-04-09,18:35:51,-07:00,2025-04-09T18:35:51-07:00,0,30
style.css,110,css,de0ece94,Daniel Budidharma,2025-04-09,18:35:51,-07:00,2025-04-09T18:35:51-07:00,0,0
style.css,111,css,de0ece94,Daniel Budidharma,2025-04-09,18:35:51,-07:00,2025-04-09T18:35:51-07:00,0,7
style.css,112,css,de0ece94,Daniel Budidharma,2025-04-09,18:35:51,-07:00,2025-04-09T18:35:51-07:00,0,19
style.css,113,css,de0ece94,Daniel Budidharma,2025-04-09,18:35:51,-07:00,2025-04-09T18:35:51-07:00,0,34
style.css,114,css,de0ece94,Daniel Budidharma,2025-04-09,18:35:51,-07:00,2025-04-09T18:35:51-07:00,0,12
style.css,115,css,de0ece94,Daniel Budidharma,2025-04-09,18:35:51,-07:00,2025-04-09T18:35:51-07:00,0,12
style.css,116,css,de0ece94,Daniel Budidharma,2025-04-09,18:35:51,-07:00,2025-04-09T18:35:51-07:00,0,18
style.css,117,css,de0ece94,Daniel Budidharma,2025-04-09,18:35:51,-07:00,2025-04-09T18:35:51-07:00,0,18
style.css,118,css,de0ece94,Daniel Budidharma,2025-04-09,18:35:51,-07:00,2025-04-09T18:35:51-07:00,0,21
style.css,119,css,de0ece94,Daniel Budidharma,2025-04-09,18:35:51,-07:00,2025-04-09T18:35:51-07:00,0,21
style.css,120,css,de0ece94,Daniel Budidharma,2025-04-09,18:35:51,-07:00,2025-04-09T18:35:51-07:00,0,15
style.css,121,css,de0ece94,Daniel Budidharma,2025-04-09,18:35:51,-07:00,2025-04-09T18:35:51-07:00,0,15
style.css,122,css,de0ece94,Daniel Budidharma,2025-04-09,18:35:51,-07:00,2025-04-09T18:35:51-07:00,0,15
style.css,123,css,de0ece94,Daniel Budidharma,2025-04-09,18:35:51,-07:00,2025-04-09T18:35:51-07:00,0,0
style.css,124,css,de0ece94,Daniel Budidharma,2025-04-09,18:35:51,-07:00,2025-04-09T18:35:51-07:00,0,0
style.css,125,css,de0ece94,Daniel Budidharma,2025-04-09,18:35:51,-07:00,2025-04-09T18:35:51-07:00,0,0
style.css,126,css,2f350781,Daniel Budidharma,2025-04-29,15:17:59,-07:00,2025-04-29T15:17:59-07:00,0,18
style.css,127,css,2f350781,Daniel Budidharma,2025-04-29,15:17:59,-07:00,2025-04-29T15:17:59-07:00,0,0
style.css,128,css,de0ece94,Daniel Budidharma,2025-04-09,18:35:51,-07:00,2025-04-09T18:35:51-07:00,0,9
style.css,129,css,de0ece94,Daniel Budidharma,2025-04-09,18:35:51,-07:00,2025-04-09T18:35:51-07:00,0,13
style.css,130,css,de0ece94,Daniel Budidharma,2025-04-09,18:35:51,-07:00,2025-04-09T18:35:51-07:00,0,8
style.css,131,css,de0ece94,Daniel Budidharma,2025-04-09,18:35:51,-07:00,2025-04-09T18:35:51-07:00,0,8
style.css,132,css,ecd8d456,Daniel Budidharma,2025-04-25,10:50:32,-07:00,2025-04-25T10:50:32-07:00,0,13
style.css,133,css,ecd8d456,Daniel Budidharma,2025-04-25,10:50:32,-07:00,2025-04-25T10:50:32-07:00,0,19
style.css,134,css,ecd8d456,Daniel Budidharma,2025-04-25,10:50:32,-07:00,2025-04-25T10:50:32-07:00,0,23
style.css,135,css,ecd8d456,Daniel Budidharma,2025-04-25,10:50:32,-07:00,2025-04-25T10:50:32-07:00,0,8
style.css,136,css,ecd8d456,Daniel Budidharma,2025-04-25,10:50:32,-07:00,2025-04-25T10:50:32-07:00,0,12
style.css,137,css,ecd8d456,Daniel Budidharma,2025-04-25,10:50:32,-07:00,2025-04-25T10:50:32-07:00,0,20
style.css,138,css,ecd8d456,Daniel Budidharma,2025-04-25,10:50:32,-07:00,2025-04-25T10:50:32-07:00,0,40
style.css,139,css,ecd8d456,Daniel Budidharma,2025-04-25,10:50:32,-07:00,2025-04-25T10:50:32-07:00,0,32
style.css,140,css,ecd8d456,Daniel Budidharma,2025-04-25,10:50:32,-07:00,2025-04-25T10:50:32-07:00,0,24
style.css,141,css,ecd8d456,Daniel Budidharma,2025-04-25,10:50:32,-07:00,2025-04-25T10:50:32-07:00,0,0
style.css,142,css,ecd8d456,Daniel Budidharma,2025-04-25,10:50:32,-07:00,2025-04-25T10:50:32-07:00,0,0
style.css,143,css,ecd8d456,Daniel Budidharma,2025-04-25,10:50:32,-07:00,2025-04-25T10:50:32-07:00,0,12
style.css,144,css,ecd8d456,Daniel Budidharma,2025-04-25,10:50:32,-07:00,2025-04-25T10:50:32-07:00,0,12
style.css,145,css,ecd8d456,Daniel Budidharma,2025-04-25,10:50:32,-07:00,2025-04-25T10:50:32-07:00,0,13
style.css,146,css,ecd8d456,Daniel Budidharma,2025-04-25,10:50:32,-07:00,2025-04-25T10:50:32-07:00,0,17
style.css,147,css,ecd8d456,Daniel Budidharma,2025-04-25,10:50:32,-07:00,2025-04-25T10:50:32-07:00,0,21
style.css,148,css,ecd8d456,Daniel Budidharma,2025-04-25,10:50:32,-07:00,2025-04-25T10:50:32-07:00,0,14
style.css,149,css,ecd8d456,Daniel Budidharma,2025-04-25,10:50:32,-07:00,2025-04-25T10:50:32-07:00,0,0
style.css,150,css,ecd8d456,Daniel Budidharma,2025-04-25,10:50:32,-07:00,2025-04-25T10:50:32-07:00,0,0
style.css,151,css,ecd8d456,Daniel Budidharma,2025-04-25,10:50:32,-07:00,2025-04-25T10:50:32-07:00,0,0
style.css,152,css,ecd8d456,Daniel Budidharma,2025-04-25,10:50:32,-07:00,2025-04-25T10:50:32-07:00,0,17
style.css,153,css,ecd8d456,Daniel Budidharma,2025-04-25,10:50:32,-07:00,2025-04-25T10:50:32-07:00,0,19
style.css,154,css,ecd8d456,Daniel Budidharma,2025-04-25,10:50:32,-07:00,2025-04-25T10:50:32-07:00,0,17
style.css,155,css,ecd8d456,Daniel Budidharma,2025-04-25,10:50:32,-07:00,2025-04-25T10:50:32-07:00,0,16
style.css,156,css,ecd8d456,Daniel Budidharma,2025-04-25,10:50:32,-07:00,2025-04-25T10:50:32-07:00,0,0
style.css,157,css,ecd8d456,Daniel Budidharma,2025-04-25,10:50:32,-07:00,2025-04-25T10:50:32-07:00,0,0
style.css,158,css,ecd8d456,Daniel Budidharma,2025-04-25,10:50:32,-07:00,2025-04-25T10:50:32-07:00,0,16
style.css,159,css,ecd8d456,Daniel Budidharma,2025-04-25,10:50:32,-07:00,2025-04-25T10:50:32-07:00,0,9
style.css,160,css,ecd8d456,Daniel Budidharma,2025-04-25,10:50:32,-07:00,2025-04-25T10:50:32-07:00,0,15
style.css,161,css,ecd8d456,Daniel Budidharma,2025-04-25,10:50:32,-07:00,2025-04-25T10:50:32-07:00,0,16
style.css,162,css,ecd8d456,Daniel Budidharma,2025-04-25,10:50:32,-07:00,2025-04-25T10:50:32-07:00,0,0
style.css,163,css,ecd8d456,Daniel Budidharma,2025-04-25,10:50:32,-07:00,2025-04-25T10:50:32-07:00,0,0
style.css,164,css,ecd8d456,Daniel Budidharma,2025-04-25,10:50:32,-07:00,2025-04-25T10:50:32-07:00,0,10
style.css,165,css,ecd8d456,Daniel Budidharma,2025-04-25,10:50:32,-07:00,2025-04-25T10:50:32-07:00,0,10
style.css,166,css,ecd8d456,Daniel Budidharma,2025-04-25,10:50:32,-07:00,2025-04-25T10:50:32-07:00,0,24
style.css,167,css,de0ece94,Daniel Budidharma,2025-04-09,18:35:51,-07:00,2025-04-09T18:35:51-07:00,0,0
style.css,168,css,de0ece94,Daniel Budidharma,2025-04-09,18:35:51,-07:00,2025-04-09T18:35:51-07:00,0,0
style.css,169,css,de0ece94,Daniel Budidharma,2025-04-09,18:35:51,-07:00,2025-04-09T18:35:51-07:00,0,0
style.css,170,css,2f350781,Daniel Budidharma,2025-04-29,15:17:59,-07:00,2025-04-29T15:17:59-07:00,0,15
style.css,171,css,2f350781,Daniel Budidharma,2025-04-29,15:17:59,-07:00,2025-04-29T15:17:59-07:00,0,15
style.css,172,css,2f350781,Daniel Budidharma,2025-04-29,15:17:59,-07:00,2025-04-29T15:17:59-07:00,0,17
style.css,173,css,2f350781,Daniel Budidharma,2025-04-29,15:17:59,-07:00,2025-04-29T15:17:59-07:00,0,17
style.css,174,css,2f350781,Daniel Budidharma,2025-04-29,15:17:59,-07:00,2025-04-29T15:17:59-07:00,0,0
style.css,175,css,2f350781,Daniel Budidharma,2025-04-29,15:17:59,-07:00,2025-04-29T15:17:59-07:00,0,0
style.css,176,css,50617630,Daniel Budidharma,2025-05-01,12:56:11,-07:00,2025-05-01T12:56:11-07:00,0,5
style.css,177,css,50617630,Daniel Budidharma,2025-05-01,12:56:11,-07:00,2025-05-01T12:56:11-07:00,0,25
style.css,178,css,50617630,Daniel Budidharma,2025-05-01,12:56:11,-07:00,2025-05-01T12:56:11-07:00,0,15
style.css,179,css,50617630,Daniel Budidharma,2025-05-01,12:56:11,-07:00,2025-05-01T12:56:11-07:00,0,0
style.css,180,css,50617630,Daniel Budidharma,2025-05-01,12:56:11,-07:00,2025-05-01T12:56:11-07:00,0,0
style.css,181,css,50617630,Daniel Budidharma,2025-05-01,12:56:11,-07:00,2025-05-01T12:56:11-07:00,0,56
style.css,182,css,50617630,Daniel Budidharma,2025-05-01,12:56:11,-07:00,2025-05-01T12:56:11-07:00,0,26
style.css,183,css,50617630,Daniel Budidharma,2025-05-01,12:56:11,-07:00,2025-05-01T12:56:11-07:00,0,12
style.css,184,css,50617630,Daniel Budidharma,2025-05-01,12:56:11,-07:00,2025-05-01T12:56:11-07:00,0,0
style.css,185,css,50617630,Daniel Budidharma,2025-05-01,12:56:11,-07:00,2025-05-01T12:56:11-07:00,0,0
style.css,186,css,50617630,Daniel Budidharma,2025-05-01,12:56:11,-07:00,2025-05-01T12:56:11-07:00,0,26
style.css,187,css,50617630,Daniel Budidharma,2025-05-01,12:56:11,-07:00,2025-05-01T12:56:11-07:00,0,21
style.css,188,css,50617630,Daniel Budidharma,2025-05-01,12:56:11,-07:00,2025-05-01T12:56:11-07:00,0,0
style.css,189,css,50617630,Daniel Budidharma,2025-05-01,12:56:11,-07:00,2025-05-01T12:56:11-07:00,0,0
style.css,190,css,50617630,Daniel Budidharma,2025-05-01,12:56:11,-07:00,2025-05-01T12:56:11-07:00,0,14
style.css,191,css,50617630,Daniel Budidharma,2025-05-01,12:56:11,-07:00,2025-05-01T12:56:11-07:00,0,33
style.css,192,css,50617630,Daniel Budidharma,2025-05-01,12:56:11,-07:00,2025-05-01T12:56:11-07:00,0,0
style.css,193,css,50617630,Daniel Budidharma,2025-05-01,12:56:11,-07:00,2025-05-01T12:56:11-07:00,0,0
style.css,194,css,50617630,Daniel Budidharma,2025-05-01,12:56:11,-07:00,2025-05-01T12:56:11-07:00,0,11
style.css,195,css,50617630,Daniel Budidharma,2025-05-01,12:56:11,-07:00,2025-05-01T12:56:11-07:00,0,13
style.css,196,css,50617630,Daniel Budidharma,2025-05-01,12:56:11,-07:00,2025-05-01T12:56:11-07:00,0,66
style.css,197,css,50617630,Daniel Budidharma,2025-05-01,12:56:11,-07:00,2025-05-01T12:56:11-07:00,0,43
style.css,198,css,50617630,Daniel Budidharma,2025-05-01,12:56:11,-07:00,2025-05-01T12:56:11-07:00,0,0
style.css,199,css,50617630,Daniel Budidharma,2025-05-01,12:56:11,-07:00,2025-05-01T12:56:11-07:00,0,0
style.css,200,css,50617630,Daniel Budidharma,2025-05-01,12:56:11,-07:00,2025-05-01T12:56:11-07:00,0,10
style.css,201,css,50617630,Daniel Budidharma,2025-05-01,12:56:11,-07:00,2025-05-01T12:56:11-07:00,0,13
style.css,202,css,50617630,Daniel Budidharma,2025-05-01,12:56:11,-07:00,2025-05-01T12:56:11-07:00,0,58
style.css,203,css,50617630,Daniel Budidharma,2025-05-01,12:56:11,-07:00,2025-05-01T12:56:11-07:00,0,35
style.css,204,css,50617630,Daniel Budidharma,2025-05-01,12:56:11,-07:00,2025-05-01T12:56:11-07:00,0,14
style.css,205,css,50617630,Daniel Budidharma,2025-05-01,12:56:11,-07:00,2025-05-01T12:56:11-07:00,0,13
style.css,206,css,50617630,Daniel Budidharma,2025-05-01,12:56:11,-07:00,2025-05-01T12:56:11-07:00,0,7
style.css,207,css,50617630,Daniel Budidharma,2025-05-01,12:56:11,-07:00,2025-05-01T12:56:11-07:00,0,0
style.css,208,css,50617630,Daniel Budidharma,2025-05-01,12:56:11,-07:00,2025-05-01T12:56:11-07:00,0,0
style.css,209,css,50617630,Daniel Budidharma,2025-05-01,12:56:11,-07:00,2025-05-01T12:56:11-07:00,0,25
style.css,210,css,50617630,Daniel Budidharma,2025-05-01,12:56:11,-07:00,2025-05-01T12:56:11-07:00,0,14
style.css,211,css,50617630,Daniel Budidharma,2025-05-01,12:56:11,-07:00,2025-05-01T12:56:11-07:00,0,17
style.css,212,css,50617630,Daniel Budidharma,2025-05-01,12:56:11,-07:00,2025-05-01T12:56:11-07:00,0,0
style.css,213,css,50617630,Daniel Budidharma,2025-05-01,12:56:11,-07:00,2025-05-01T12:56:11-07:00,0,0
style.css,214,css,50617630,Daniel Budidharma,2025-05-01,12:56:11,-07:00,2025-05-01T12:56:11-07:00,0,11
style.css,215,css,50617630,Daniel Budidharma,2025-05-01,12:56:11,-07:00,2025-05-01T12:56:11-07:00,0,13
style.css,216,css,50617630,Daniel Budidharma,2025-05-01,12:56:11,-07:00,2025-05-01T12:56:11-07:00,0,11
style.css,217,css,50617630,Daniel Budidharma,2025-05-01,12:56:11,-07:00,2025-05-01T12:56:11-07:00,0,13
style.css,218,css,50617630,Daniel Budidharma,2025-05-01,12:56:11,-07:00,2025-05-01T12:56:11-07:00,0,14
style.css,219,css,50617630,Daniel Budidharma,2025-05-01,12:56:11,-07:00,2025-05-01T12:56:11-07:00,0,18
style.css,220,css,50617630,Daniel Budidharma,2025-05-01,12:56:11,-07:00,2025-05-01T12:56:11-07:00,0,0
style.css,221,css,2f350781,Daniel Budidharma,2025-04-29,15:17:59,-07:00,2025-04-29T15:17:59-07:00,0,0
style.css,222,css,de0ece94,Daniel Budidharma,2025-04-09,18:35:51,-07:00,2025-04-09T18:35:51-07:00,0,7
style.css,223,css,de0ece94,Daniel Budidharma,2025-04-09,18:35:51,-07:00,2025-04-09T18:35:51-07:00,0,8
style.css,224,css,de0ece94,Daniel Budidharma,2025-04-09,18:35:51,-07:00,2025-04-09T18:35:51-07:00,0,14
style.css,225,css,de0ece94,Daniel Budidharma,2025-04-09,18:35:51,-07:00,2025-04-09T18:35:51-07:00,0,8
style.css,226,css,de0ece94,Daniel Budidharma,2025-04-09,18:35:51,-07:00,2025-04-09T18:35:51-07:00,0,38
style.css,227,css,de0ece94,Daniel Budidharma,2025-04-09,18:35:51,-07:00,2025-04-09T18:35:51-07:00,0,13
style.css,228,css,de0ece94,Daniel Budidharma,2025-04-09,18:35:51,-07:00,2025-04-09T18:35:51-07:00,0,12
style.css,229,css,de0ece94,Daniel Budidharma,2025-04-09,18:35:51,-07:00,2025-04-09T18:35:51-07:00,0,0
style.css,230,css,de0ece94,Daniel Budidharma,2025-04-09,18:35:51,-07:00,2025-04-09T18:35:51-07:00,0,0
style.css,231,css,de0ece94,Daniel Budidharma,2025-04-09,18:35:51,-07:00,2025-04-09T18:35:51-07:00,0,3
style.css,232,css,de0ece94,Daniel Budidharma,2025-04-09,18:35:51,-07:00,2025-04-09T18:35:51-07:00,0,38
style.css,233,css,de0ece94,Daniel Budidharma,2025-04-09,18:35:51,-07:00,2025-04-09T18:35:51-07:00,0,0
style.css,234,css,0660f8c4,Daniel Budidharma,2025-04-24,13:47:16,-07:00,2025-04-24T13:47:16-07:00,0,0
style.css,235,css,0660f8c4,Daniel Budidharma,2025-04-24,13:47:16,-07:00,2025-04-24T13:47:16-07:00,0,0
style.css,236,css,0660f8c4,Daniel Budidharma,2025-04-24,13:47:16,-07:00,2025-04-24T13:47:16-07:00,0,23
style.css,237,css,0660f8c4,Daniel Budidharma,2025-04-24,13:47:16,-07:00,2025-04-24T13:47:16-07:00,0,28
style.css,238,css,0660f8c4,Daniel Budidharma,2025-04-24,13:47:16,-07:00,2025-04-24T13:47:16-07:00,0,19
style.css,239,css,0660f8c4,Daniel Budidharma,2025-04-24,13:47:16,-07:00,2025-04-24T13:47:16-07:00,0,25
style.css,240,css,0660f8c4,Daniel Budidharma,2025-04-24,13:47:16,-07:00,2025-04-24T13:47:16-07:00,0,19
style.css,241,css,0660f8c4,Daniel Budidharma,2025-04-24,13:47:16,-07:00,2025-04-24T13:47:16-07:00,0,13
style.css,242,css,0660f8c4,Daniel Budidharma,2025-04-24,13:47:16,-07:00,2025-04-24T13:47:16-07:00,0,14
style.css,243,css,0660f8c4,Daniel Budidharma,2025-04-24,13:47:16,-07:00,2025-04-24T13:47:16-07:00,0,35
style.css,244,css,0660f8c4,Daniel Budidharma,2025-04-24,13:47:16,-07:00,2025-04-24T13:47:16-07:00,0,41
style.css,245,css,0660f8c4,Daniel Budidharma,2025-04-24,13:47:16,-07:00,2025-04-24T13:47:16-07:00,0,16
style.css,246,css,0660f8c4,Daniel Budidharma,2025-04-24,13:47:16,-07:00,2025-04-24T13:47:16-07:00,0,11
style.css,247,css,0660f8c4,Daniel Budidharma,2025-04-24,13:47:16,-07:00,2025-04-24T13:47:16-07:00,0,16
style.css,248,css,0660f8c4,Daniel Budidharma,2025-04-24,13:47:16,-07:00,2025-04-24T13:47:16-07:00,0,19
style.css,249,css,0660f8c4,Daniel Budidharma,2025-04-24,13:47:16,-07:00,2025-04-24T13:47:16-07:00,0,0
style.css,250,css,0660f8c4,Daniel Budidharma,2025-04-24,13:47:16,-07:00,2025-04-24T13:47:16-07:00,0,0
style.css,251,css,0660f8c4,Daniel Budidharma,2025-04-24,13:47:16,-07:00,2025-04-24T13:47:16-07:00,0,12
style.css,252,css,0660f8c4,Daniel Budidharma,2025-04-24,13:47:16,-07:00,2025-04-24T13:47:16-07:00,0,13
style.css,253,css,0660f8c4,Daniel Budidharma,2025-04-24,13:47:16,-07:00,2025-04-24T13:47:16-07:00,0,22
style.css,254,css,0660f8c4,Daniel Budidharma,2025-04-24,13:47:16,-07:00,2025-04-24T13:47:16-07:00,0,11
style.css,255,css,0660f8c4,Daniel Budidharma,2025-04-24,13:47:16,-07:00,2025-04-24T13:47:16-07:00,0,0
style.css,256,css,0660f8c4,Daniel Budidharma,2025-04-24,13:47:16,-07:00,2025-04-24T13:47:16-07:00,0,0
style.css,257,css,0660f8c4,Daniel Budidharma,2025-04-24,13:47:16,-07:00,2025-04-24T13:47:16-07:00,0,13
style.css,258,css,0660f8c4,Daniel Budidharma,2025-04-24,13:47:16,-07:00,2025-04-24T13:47:16-07:00,0,18
style.css,259,css,0660f8c4,Daniel Budidharma,2025-04-24,13:47:16,-07:00,2025-04-24T13:47:16-07:00,0,16
style.css,260,css,0660f8c4,Daniel Budidharma,2025-04-24,13:47:16,-07:00,2025-04-24T13:47:16-07:00,0,14
style.css,261,css,0660f8c4,Daniel Budidharma,2025-04-24,13:47:16,-07:00,2025-04-24T13:47:16-07:00,0,32
style.css,262,css,0660f8c4,Daniel Budidharma,2025-04-24,13:47:16,-07:00,2025-04-24T13:47:16-07:00,0,22
style.css,263,css,0660f8c4,Daniel Budidharma,2025-04-24,13:47:16,-07:00,2025-04-24T13:47:16-07:00,0,0
style.css,264,css,0660f8c4,Daniel Budidharma,2025-04-24,13:47:16,-07:00,2025-04-24T13:47:16-07:00,0,0
style.css,265,css,0660f8c4,Daniel Budidharma,2025-04-24,13:47:16,-07:00,2025-04-24T13:47:16-07:00,0,14
style.css,266,css,0660f8c4,Daniel Budidharma,2025-04-24,13:47:16,-07:00,2025-04-24T13:47:16-07:00,0,13
style.css,267,css,0660f8c4,Daniel Budidharma,2025-04-24,13:47:16,-07:00,2025-04-24T13:47:16-07:00,0,19
style.css,268,css,0660f8c4,Daniel Budidharma,2025-04-24,13:47:16,-07:00,2025-04-24T13:47:16-07:00,0,19
style.css,269,css,0660f8c4,Daniel Budidharma,2025-04-24,13:47:16,-07:00,2025-04-24T13:47:16-07:00,0,9
style.css,270,css,0660f8c4,Daniel Budidharma,2025-04-24,13:47:16,-07:00,2025-04-24T13:47:16-07:00,0,0
style.css,271,css,0660f8c4,Daniel Budidharma,2025-04-24,13:47:16,-07:00,2025-04-24T13:47:16-07:00,0,0
style.css,272,css,0660f8c4,Daniel Budidharma,2025-04-24,13:47:16,-07:00,2025-04-24T13:47:16-07:00,0,17
style.css,273,css,0660f8c4,Daniel Budidharma,2025-04-24,13:47:16,-07:00,2025-04-24T13:47:16-07:00,0,13
style.css,274,css,0660f8c4,Daniel Budidharma,2025-04-24,13:47:16,-07:00,2025-04-24T13:47:16-07:00,0,22
style.css,275,css,0660f8c4,Daniel Budidharma,2025-04-24,13:47:16,-07:00,2025-04-24T13:47:16-07:00,0,19
style.css,276,css,0660f8c4,Daniel Budidharma,2025-04-24,13:47:16,-07:00,2025-04-24T13:47:16-07:00,0,16
style.css,277,css,0660f8c4,Daniel Budidharma,2025-04-24,13:47:16,-07:00,2025-04-24T13:47:16-07:00,0,0
style.css,278,css,0660f8c4,Daniel Budidharma,2025-04-24,13:47:16,-07:00,2025-04-24T13:47:16-07:00,0,0
style.css,279,css,0660f8c4,Daniel Budidharma,2025-04-24,13:47:16,-07:00,2025-04-24T13:47:16-07:00,0,8
style.css,280,css,0660f8c4,Daniel Budidharma,2025-04-24,13:47:16,-07:00,2025-04-24T13:47:16-07:00,0,12
style.css,281,css,0660f8c4,Daniel Budidharma,2025-04-24,13:47:16,-07:00,2025-04-24T13:47:16-07:00,0,13
style.css,282,css,0660f8c4,Daniel Budidharma,2025-04-24,13:47:16,-07:00,2025-04-24T13:47:16-07:00,0,18
style.css,283,css,0660f8c4,Daniel Budidharma,2025-04-24,13:47:16,-07:00,2025-04-24T13:47:16-07:00,0,25
style.css,284,css,0660f8c4,Daniel Budidharma,2025-04-24,13:47:16,-07:00,2025-04-24T13:47:16-07:00,0,0
style.css,285,css,0660f8c4,Daniel Budidharma,2025-04-24,13:47:16,-07:00,2025-04-24T13:47:16-07:00,0,0
style.css,286,css,0660f8c4,Daniel Budidharma,2025-04-24,13:47:16,-07:00,2025-04-24T13:47:16-07:00,0,10
style.css,287,css,0660f8c4,Daniel Budidharma,2025-04-24,13:47:16,-07:00,2025-04-24T13:47:16-07:00,0,17
style.css,288,css,0660f8c4,Daniel Budidharma,2025-04-24,13:47:16,-07:00,2025-04-24T13:47:16-07:00,0,14
style.css,289,css,0660f8c4,Daniel Budidharma,2025-04-24,13:47:16,-07:00,2025-04-24T13:47:16-07:00,0,21
style.css,290,css,0660f8c4,Daniel Budidharma,2025-04-24,13:47:16,-07:00,2025-04-24T13:47:16-07:00,0,17
style.css,291,css,0660f8c4,Daniel Budidharma,2025-04-24,13:47:16,-07:00,2025-04-24T13:47:16-07:00,0,18
style.css,292,css,0660f8c4,Daniel Budidharma,2025-04-24,13:47:16,-07:00,2025-04-24T13:47:16-07:00,0,0
style.css,293,css,0660f8c4,Daniel Budidharma,2025-04-24,13:47:16,-07:00,2025-04-24T13:47:16-07:00,0,0
style.css,294,css,0660f8c4,Daniel Budidharma,2025-04-24,13:47:16,-07:00,2025-04-24T13:47:16-07:00,0,13
style.css,295,css,0660f8c4,Daniel Budidharma,2025-04-24,13:47:16,-07:00,2025-04-24T13:47:16-07:00,0,11
style.css,296,css,0660f8c4,Daniel Budidharma,2025-04-24,13:47:16,-07:00,2025-04-24T13:47:16-07:00,0,12
style.css,297,css,0660f8c4,Daniel Budidharma,2025-04-24,13:47:16,-07:00,2025-04-24T13:47:16-07:00,0,15
style.css,298,css,0660f8c4,Daniel Budidharma,2025-04-24,13:47:16,-07:00,2025-04-24T13:47:16-07:00,0,0
style.css,299,css,0660f8c4,Daniel Budidharma,2025-04-24,13:47:16,-07:00,2025-04-24T13:47:16-07:00,0,0
style.css,300,css,0660f8c4,Daniel Budidharma,2025-04-24,13:47:16,-07:00,2025-04-24T13:47:16-07:00,0,12
style.css,301,css,0660f8c4,Daniel Budidharma,2025-04-24,13:47:16,-07:00,2025-04-24T13:47:16-07:00,0,13
style.css,302,css,0660f8c4,Daniel Budidharma,2025-04-24,13:47:16,-07:00,2025-04-24T13:47:16-07:00,0,30
style.css,303,css,0660f8c4,Daniel Budidharma,2025-04-24,13:47:16,-07:00,2025-04-24T13:47:16-07:00,0,15
style.css,304,css,0660f8c4,Daniel Budidharma,2025-04-24,13:47:16,-07:00,2025-04-24T13:47:16-07:00,0,9
style.css,305,css,0660f8c4,Daniel Budidharma,2025-04-24,13:47:16,-07:00,2025-04-24T13:47:16-07:00,0,12
style.css,306,css,0660f8c4,Daniel Budidharma,2025-04-24,13:47:16,-07:00,2025-04-24T13:47:16-07:00,0,18
style.css,307,css,0660f8c4,Daniel Budidharma,2025-04-24,13:47:16,-07:00,2025-04-24T13:47:16-07:00,0,0
style.css,308,css,0660f8c4,Daniel Budidharma,2025-04-24,13:47:16,-07:00,2025-04-24T13:47:16-07:00,0,0
style.css,309,css,0660f8c4,Daniel Budidharma,2025-04-24,13:47:16,-07:00,2025-04-24T13:47:16-07:00,0,12
style.css,310,css,0660f8c4,Daniel Budidharma,2025-04-24,13:47:16,-07:00,2025-04-24T13:47:16-07:00,0,15
style.css,311,css,0660f8c4,Daniel Budidharma,2025-04-24,13:47:16,-07:00,2025-04-24T13:47:16-07:00,0,0
style.css,312,css,0660f8c4,Daniel Budidharma,2025-04-24,13:47:16,-07:00,2025-04-24T13:47:16-07:00,0,0
style.css,313,css,0660f8c4,Daniel Budidharma,2025-04-24,13:47:16,-07:00,2025-04-24T13:47:16-07:00,0,13
style.css,314,css,0660f8c4,Daniel Budidharma,2025-04-24,13:47:16,-07:00,2025-04-24T13:47:16-07:00,0,17
style.css,315,css,0660f8c4,Daniel Budidharma,2025-04-24,13:47:16,-07:00,2025-04-24T13:47:16-07:00,0,17
style.css,316,css,0660f8c4,Daniel Budidharma,2025-04-24,13:47:16,-07:00,2025-04-24T13:47:16-07:00,0,14
style.css,317,css,0660f8c4,Daniel Budidharma,2025-04-24,13:47:16,-07:00,2025-04-24T13:47:16-07:00,0,0
style.css,318,css,0660f8c4,Daniel Budidharma,2025-04-24,13:47:16,-07:00,2025-04-24T13:47:16-07:00,0,0
style.css,319,css,0660f8c4,Daniel Budidharma,2025-04-24,13:47:16,-07:00,2025-04-24T13:47:16-07:00,0,12
style.css,320,css,0660f8c4,Daniel Budidharma,2025-04-24,13:47:16,-07:00,2025-04-24T13:47:16-07:00,0,17
style.css,321,css,0660f8c4,Daniel Budidharma,2025-04-24,13:47:16,-07:00,2025-04-24T13:47:16-07:00,0,14
style.css,322,css,0660f8c4,Daniel Budidharma,2025-04-24,13:47:16,-07:00,2025-04-24T13:47:16-07:00,0,25
style.css,323,css,0660f8c4,Daniel Budidharma,2025-04-24,13:47:16,-07:00,2025-04-24T13:47:16-07:00,0,19
style.css,324,css,0660f8c4,Daniel Budidharma,2025-04-24,13:47:16,-07:00,2025-04-24T13:47:16-07:00,0,0
index.js,1,js,0660f8c4,Daniel Budidharma,2025-04-24,13:47:16,-07:00,2025-04-24T13:47:16-07:00,0,72
index.js,2,js,0660f8c4,Daniel Budidharma,2025-04-24,13:47:16,-07:00,2025-04-24T13:47:16-07:00,0,0
index.js,3,js,0660f8c4,Daniel Budidharma,2025-04-24,13:47:16,-07:00,2025-04-24T13:47:16-07:00,0,55
index.js,4,js,0660f8c4,Daniel Budidharma,2025-04-24,13:47:16,-07:00,2025-04-24T13:47:16-07:00,0,43
index.js,5,js,0660f8c4,Daniel Budidharma,2025-04-24,13:47:16,-07:00,2025-04-24T13:47:16-07:00,0,61
index.js,6,js,0660f8c4,Daniel Budidharma,2025-04-24,13:47:16,-07:00,2025-04-24T13:47:16-07:00,0,55
index.js,7,js,0660f8c4,Daniel Budidharma,2025-04-24,13:47:16,-07:00,2025-04-24T13:47:16-07:00,0,0
index.js,8,js,0660f8c4,Daniel Budidharma,2025-04-24,13:47:16,-07:00,2025-04-24T13:47:16-07:00,0,52
index.js,9,js,0660f8c4,Daniel Budidharma,2025-04-24,13:47:16,-07:00,2025-04-24T13:47:16-07:00,0,61
index.js,10,js,0660f8c4,Daniel Budidharma,2025-04-24,13:47:16,-07:00,2025-04-24T13:47:16-07:00,0,0
index.js,11,js,0660f8c4,Daniel Budidharma,2025-04-24,13:47:16,-07:00,2025-04-24T13:47:16-07:00,0,18
index.js,12,js,0660f8c4,Daniel Budidharma,2025-04-24,13:47:16,-07:00,2025-04-24T13:47:16-07:00,0,25
index.js,13,js,0660f8c4,Daniel Budidharma,2025-04-24,13:47:16,-07:00,2025-04-24T13:47:16-07:00,0,27
index.js,14,js,0660f8c4,Daniel Budidharma,2025-04-24,13:47:16,-07:00,2025-04-24T13:47:16-07:00,0,39
index.js,15,js,0660f8c4,Daniel Budidharma,2025-04-24,13:47:16,-07:00,2025-04-24T13:47:16-07:00,0,23
index.js,16,js,0660f8c4,Daniel Budidharma,2025-04-24,13:47:16,-07:00,2025-04-24T13:47:16-07:00,0,45
index.js,17,js,0660f8c4,Daniel Budidharma,2025-04-24,13:47:16,-07:00,2025-04-24T13:47:16-07:00,0,25
index.js,18,js,0660f8c4,Daniel Budidharma,2025-04-24,13:47:16,-07:00,2025-04-24T13:47:16-07:00,0,28
index.js,19,js,0660f8c4,Daniel Budidharma,2025-04-24,13:47:16,-07:00,2025-04-24T13:47:16-07:00,0,70
index.js,20,js,0660f8c4,Daniel Budidharma,2025-04-24,13:47:16,-07:00,2025-04-24T13:47:16-07:00,0,105
index.js,21,js,0660f8c4,Daniel Budidharma,2025-04-24,13:47:16,-07:00,2025-04-24T13:47:16-07:00,0,108
index.js,22,js,0660f8c4,Daniel Budidharma,2025-04-24,13:47:16,-07:00,2025-04-24T13:47:16-07:00,0,77
index.js,23,js,0660f8c4,Daniel Budidharma,2025-04-24,13:47:16,-07:00,2025-04-24T13:47:16-07:00,0,3
index.js,24,js,0660f8c4,Daniel Budidharma,2025-04-24,13:47:16,-07:00,2025-04-24T13:47:16-07:00,0,5
index.js,25,js,0660f8c4,Daniel Budidharma,2025-04-24,13:47:16,-07:00,2025-04-24T13:47:16-07:00,0,23
index.js,26,js,0660f8c4,Daniel Budidharma,2025-04-24,13:47:16,-07:00,2025-04-24T13:47:16-07:00,0,122
index.js,27,js,0660f8c4,Daniel Budidharma,2025-04-24,13:47:16,-07:00,2025-04-24T13:47:16-07:00,0,122
index.js,28,js,0660f8c4,Daniel Budidharma,2025-04-24,13:47:16,-07:00,2025-04-24T13:47:16-07:00,0,128
index.js,29,js,0660f8c4,Daniel Budidharma,2025-04-24,13:47:16,-07:00,2025-04-24T13:47:16-07:00,0,128
index.js,30,js,0660f8c4,Daniel Budidharma,2025-04-24,13:47:16,-07:00,2025-04-24T13:47:16-07:00,0,5
index.js,31,js,0660f8c4,Daniel Budidharma,2025-04-24,13:47:16,-07:00,2025-04-24T13:47:16-07:00,0,5
index.js,32,js,0660f8c4,Daniel Budidharma,2025-04-24,13:47:16,-07:00,2025-04-24T13:47:16-07:00,0,5
index.js,33,js,0660f8c4,Daniel Budidharma,2025-04-24,13:47:16,-07:00,2025-04-24T13:47:16-07:00,0,5
index.js,34,js,0660f8c4,Daniel Budidharma,2025-04-24,13:47:16,-07:00,2025-04-24T13:47:16-07:00,0,5
index.js,35,js,0660f8c4,Daniel Budidharma,2025-04-24,13:47:16,-07:00,2025-04-24T13:47:16-07:00,0,1
index.js,36,js,0660f8c4,Daniel Budidharma,2025-04-24,13:47:16,-07:00,2025-04-24T13:47:16-07:00,0,0
index.js,37,js,0660f8c4,Daniel Budidharma,2025-04-24,13:47:16,-07:00,2025-04-24T13:47:16-07:00,0,0
index.html,1,html,53400a0,Daniel Budidharma,2025-04-03,14:18:40,-07:00,2025-04-03T14:18:40-07:00,0,14
index.html,2,html,53400a0,Daniel Budidharma,2025-04-03,14:18:40,-07:00,2025-04-03T14:18:40-07:00,0,15
index.html,3,html,53400a0,Daniel Budidharma,2025-04-03,14:18:40,-07:00,2025-04-03T14:18:40-07:00,0,5
index.html,4,html,53400a0,Daniel Budidharma,2025-04-03,14:18:40,-07:00,2025-04-03T14:18:40-07:00,0,21
index.html,5,html,53400a0,Daniel Budidharma,2025-04-03,14:18:40,-07:00,2025-04-03T14:18:40-07:00,0,69
index.html,6,html,53400a0,Daniel Budidharma,2025-04-03,14:18:40,-07:00,2025-04-03T14:18:40-07:00,0,60
index.html,7,html,69540b56,Daniel Budidharma,2025-04-03,15:00:48,-07:00,2025-04-03T15:00:48-07:00,0,39
index.html,8,html,de0ece94,Daniel Budidharma,2025-04-09,18:35:51,-07:00,2025-04-09T18:35:51-07:00,0,58
index.html,9,html,f509926e,Daniel Budidharma,2025-04-16,20:58:40,-07:00,2025-04-16T20:58:40-07:00,0,46
index.html,10,html,53400a0,Daniel Budidharma,2025-04-03,14:18:40,-07:00,2025-04-03T14:18:40-07:00,0,6
index.html,11,html,53400a0,Daniel Budidharma,2025-04-03,14:18:40,-07:00,2025-04-03T14:18:40-07:00,0,5
index.html,12,html,f8c2d8ea,Daniel Budidharma,2025-04-03,17:21:49,-07:00,2025-04-03T17:21:49-07:00,0,25
index.html,13,html,0660f8c4,Daniel Budidharma,2025-04-24,13:47:16,-07:00,2025-04-24T13:47:16-07:00,0,13
index.html,14,html,0660f8c4,Daniel Budidharma,2025-04-24,13:47:16,-07:00,2025-04-24T13:47:16-07:00,0,26
index.html,15,html,0660f8c4,Daniel Budidharma,2025-04-24,13:47:16,-07:00,2025-04-24T13:47:16-07:00,0,2
index.html,16,html,0660f8c4,Daniel Budidharma,2025-04-24,13:47:16,-07:00,2025-04-24T13:47:16-07:00,0,95
index.html,17,html,0660f8c4,Daniel Budidharma,2025-04-24,13:47:16,-07:00,2025-04-24T13:47:16-07:00,0,100
index.html,18,html,0660f8c4,Daniel Budidharma,2025-04-24,13:47:16,-07:00,2025-04-24T13:47:16-07:00,0,52
index.html,19,html,0660f8c4,Daniel Budidharma,2025-04-24,13:47:16,-07:00,2025-04-24T13:47:16-07:00,0,3
index.html,20,html,0660f8c4,Daniel Budidharma,2025-04-24,13:47:16,-07:00,2025-04-24T13:47:16-07:00,0,96
index.html,21,html,0660f8c4,Daniel Budidharma,2025-04-24,13:47:16,-07:00,2025-04-24T13:47:16-07:00,0,5
index.html,22,html,0660f8c4,Daniel Budidharma,2025-04-24,13:47:16,-07:00,2025-04-24T13:47:16-07:00,0,5
index.html,23,html,0660f8c4,Daniel Budidharma,2025-04-24,13:47:16,-07:00,2025-04-24T13:47:16-07:00,0,0
index.html,24,html,0660f8c4,Daniel Budidharma,2025-04-24,13:47:16,-07:00,2025-04-24T13:47:16-07:00,0,29
index.html,25,html,0660f8c4,Daniel Budidharma,2025-04-24,13:47:16,-07:00,2025-04-24T13:47:16-07:00,0,0
index.html,26,html,0660f8c4,Daniel Budidharma,2025-04-24,13:47:16,-07:00,2025-04-24T13:47:16-07:00,0,23
index.html,27,html,0660f8c4,Daniel Budidharma,2025-04-24,13:47:16,-07:00,2025-04-24T13:47:16-07:00,0,21
index.html,28,html,0660f8c4,Daniel Budidharma,2025-04-24,13:47:16,-07:00,2025-04-24T13:47:16-07:00,0,51
index.html,29,html,0660f8c4,Daniel Budidharma,2025-04-24,13:47:16,-07:00,2025-04-24T13:47:16-07:00,0,5
index.html,30,html,69540b56,Daniel Budidharma,2025-04-03,15:00:48,-07:00,2025-04-03T15:00:48-07:00,0,6
index.html,31,html,53400a0,Daniel Budidharma,2025-04-03,14:18:40,-07:00,2025-04-03T14:18:40-07:00,0,6
index.html,32,html,53400a0,Daniel Budidharma,2025-04-03,14:18:40,-07:00,2025-04-03T14:18:40-07:00,0,6
global.js,1,js,f509926e,Daniel Budidharma,2025-04-16,20:58:40,-07:00,2025-04-16T20:58:40-07:00,0,26
global.js,2,js,f509926e,Daniel Budidharma,2025-04-16,20:58:40,-07:00,2025-04-16T20:58:40-07:00,0,0
global.js,3,js,f509926e,Daniel Budidharma,2025-04-16,20:58:40,-07:00,2025-04-16T20:58:40-07:00,0,42
global.js,4,js,f509926e,Daniel Budidharma,2025-04-16,20:58:40,-07:00,2025-04-16T20:58:40-07:00,0,53
global.js,5,js,f509926e,Daniel Budidharma,2025-04-16,20:58:40,-07:00,2025-04-16T20:58:40-07:00,0,0
global.js,6,js,f509926e,Daniel Budidharma,2025-04-16,20:58:40,-07:00,2025-04-16T20:58:40-07:00,0,0
global.js,7,js,fcfc85d6,Daniel Budidharma,2025-04-16,21:26:46,-07:00,2025-04-16T21:26:46-07:00,0,9
global.js,8,js,f509926e,Daniel Budidharma,2025-04-16,20:58:40,-07:00,2025-04-16T20:58:40-07:00,0,12
global.js,9,js,f509926e,Daniel Budidharma,2025-04-16,20:58:40,-07:00,2025-04-16T20:58:40-07:00,0,26
global.js,10,js,f509926e,Daniel Budidharma,2025-04-16,20:58:40,-07:00,2025-04-16T20:58:40-07:00,0,37
global.js,11,js,f509926e,Daniel Budidharma,2025-04-16,20:58:40,-07:00,2025-04-16T20:58:40-07:00,0,39
global.js,12,js,00000000,Not Committed Yet,2025-05-08,16:41:54,-07:00,2025-05-08T16:41:54-07:00,0,29
global.js,13,js,f509926e,Daniel Budidharma,2025-04-16,20:58:40,-07:00,2025-04-16T20:58:40-07:00,0,55
global.js,14,js,f509926e,Daniel Budidharma,2025-04-16,20:58:40,-07:00,2025-04-16T20:58:40-07:00,0,35
global.js,15,js,f509926e,Daniel Budidharma,2025-04-16,20:58:40,-07:00,2025-04-16T20:58:40-07:00,0,1
global.js,16,js,f509926e,Daniel Budidharma,2025-04-16,20:58:40,-07:00,2025-04-16T20:58:40-07:00,0,0
global.js,17,js,f509926e,Daniel Budidharma,2025-04-16,20:58:40,-07:00,2025-04-16T20:58:40-07:00,0,39
global.js,18,js,f509926e,Daniel Budidharma,2025-04-16,20:58:40,-07:00,2025-04-16T20:58:40-07:00,0,26
global.js,19,js,f509926e,Daniel Budidharma,2025-04-16,20:58:40,-07:00,2025-04-16T20:58:40-07:00,0,0
global.js,20,js,f509926e,Daniel Budidharma,2025-04-16,20:58:40,-07:00,2025-04-16T20:58:40-07:00,0,89
global.js,21,js,f509926e,Daniel Budidharma,2025-04-16,20:58:40,-07:00,2025-04-16T20:58:40-07:00,0,37
global.js,22,js,f509926e,Daniel Budidharma,2025-04-16,20:58:40,-07:00,2025-04-16T20:58:40-07:00,0,53
global.js,23,js,f509926e,Daniel Budidharma,2025-04-16,20:58:40,-07:00,2025-04-16T20:58:40-07:00,0,0
global.js,24,js,f509926e,Daniel Budidharma,2025-04-16,20:58:40,-07:00,2025-04-16T20:58:40-07:00,0,21
global.js,25,js,f509926e,Daniel Budidharma,2025-04-16,20:58:40,-07:00,2025-04-16T20:58:40-07:00,0,15
global.js,26,js,f509926e,Daniel Budidharma,2025-04-16,20:58:40,-07:00,2025-04-16T20:58:40-07:00,0,19
global.js,27,js,f509926e,Daniel Budidharma,2025-04-16,20:58:40,-07:00,2025-04-16T20:58:40-07:00,0,29
global.js,28,js,f509926e,Daniel Budidharma,2025-04-16,20:58:40,-07:00,2025-04-16T20:58:40-07:00,0,21
global.js,29,js,f509926e,Daniel Budidharma,2025-04-16,20:58:40,-07:00,2025-04-16T20:58:40-07:00,0,0
global.js,30,js,fcfc85d6,Daniel Budidharma,2025-04-16,21:26:46,-07:00,2025-04-16T21:26:46-07:00,0,35
global.js,31,js,fcfc85d6,Daniel Budidharma,2025-04-16,21:26:46,-07:00,2025-04-16T21:26:46-07:00,0,12
global.js,32,js,fcfc85d6,Daniel Budidharma,2025-04-16,21:26:46,-07:00,2025-04-16T21:26:46-07:00,0,21
global.js,33,js,fcfc85d6,Daniel Budidharma,2025-04-16,21:26:46,-07:00,2025-04-16T21:26:46-07:00,0,13
global.js,34,js,fcfc85d6,Daniel Budidharma,2025-04-16,21:26:46,-07:00,2025-04-16T21:26:46-07:00,0,0
global.js,35,js,fcfc85d6,Daniel Budidharma,2025-04-16,21:26:46,-07:00,2025-04-16T21:26:46-07:00,0,21
global.js,36,js,fcfc85d6,Daniel Budidharma,2025-04-16,21:26:46,-07:00,2025-04-16T21:26:46-07:00,0,66
global.js,37,js,fcfc85d6,Daniel Budidharma,2025-04-16,21:26:46,-07:00,2025-04-16T21:26:46-07:00,0,26
global.js,38,js,fcfc85d6,Daniel Budidharma,2025-04-16,21:26:46,-07:00,2025-04-16T21:26:46-07:00,0,0
global.js,39,js,fcfc85d6,Daniel Budidharma,2025-04-16,21:26:46,-07:00,2025-04-16T21:26:46-07:00,0,0
global.js,40,js,fcfc85d6,Daniel Budidharma,2025-04-16,21:26:46,-07:00,2025-04-16T21:26:46-07:00,0,34
global.js,41,js,fcfc85d6,Daniel Budidharma,2025-04-16,21:26:46,-07:00,2025-04-16T21:26:46-07:00,0,30
global.js,42,js,fcfc85d6,Daniel Budidharma,2025-04-16,21:26:46,-07:00,2025-04-16T21:26:46-07:00,0,19
global.js,43,js,fcfc85d6,Daniel Budidharma,2025-04-16,21:26:46,-07:00,2025-04-16T21:26:46-07:00,0,0
global.js,44,js,f509926e,Daniel Budidharma,2025-04-16,20:58:40,-07:00,2025-04-16T20:58:40-07:00,0,0
global.js,45,js,f509926e,Daniel Budidharma,2025-04-16,20:58:40,-07:00,2025-04-16T20:58:40-07:00,0,0
global.js,46,js,f509926e,Daniel Budidharma,2025-04-16,20:58:40,-07:00,2025-04-16T20:58:40-07:00,0,0
global.js,47,js,f509926e,Daniel Budidharma,2025-04-16,20:58:40,-07:00,2025-04-16T20:58:40-07:00,0,0
global.js,48,js,fcfc85d6,Daniel Budidharma,2025-04-16,21:26:46,-07:00,2025-04-16T21:26:46-07:00,0,17
global.js,49,js,fcfc85d6,Daniel Budidharma,2025-04-16,21:26:46,-07:00,2025-04-16T21:26:46-07:00,0,32
global.js,50,js,fcfc85d6,Daniel Budidharma,2025-04-16,21:26:46,-07:00,2025-04-16T21:26:46-07:00,0,12
global.js,51,js,fcfc85d6,Daniel Budidharma,2025-04-16,21:26:46,-07:00,2025-04-16T21:26:46-07:00,0,0
global.js,52,js,fcfc85d6,Daniel Budidharma,2025-04-16,21:26:46,-07:00,2025-04-16T21:26:46-07:00,1,27
global.js,53,js,fcfc85d6,Daniel Budidharma,2025-04-16,21:26:46,-07:00,2025-04-16T21:26:46-07:00,2,5
global.js,54,js,fcfc85d6,Daniel Budidharma,2025-04-16,21:26:46,-07:00,2025-04-16T21:26:46-07:00,2,7
global.js,55,js,fcfc85d6,Daniel Budidharma,2025-04-16,21:26:46,-07:00,2025-04-16T21:26:46-07:00,0,39
global.js,56,js,fcfc85d6,Daniel Budidharma,2025-04-16,21:26:46,-07:00,2025-04-16T21:26:46-07:00,0,35
global.js,57,js,fcfc85d6,Daniel Budidharma,2025-04-16,21:26:46,-07:00,2025-04-16T21:26:46-07:00,0,33
global.js,58,js,fcfc85d6,Daniel Budidharma,2025-04-16,21:26:46,-07:00,2025-04-16T21:26:46-07:00,2,8
global.js,59,js,fcfc85d6,Daniel Budidharma,2025-04-16,21:26:46,-07:00,2025-04-16T21:26:46-07:00,1,9
global.js,60,js,fcfc85d6,Daniel Budidharma,2025-04-16,21:26:46,-07:00,2025-04-16T21:26:46-07:00,0,1
global.js,61,js,fcfc85d6,Daniel Budidharma,2025-04-16,21:26:46,-07:00,2025-04-16T21:26:46-07:00,0,0
global.js,62,js,fcfc85d6,Daniel Budidharma,2025-04-16,21:26:46,-07:00,2025-04-16T21:26:46-07:00,0,32
global.js,63,js,ecd8d456,Daniel Budidharma,2025-04-25,10:50:32,-07:00,2025-04-25T10:50:32-07:00,0,58
global.js,64,js,ecd8d456,Daniel Budidharma,2025-04-25,10:50:32,-07:00,2025-04-25T10:50:32-07:00,0,0
global.js,65,js,ecd8d456,Daniel Budidharma,2025-04-25,10:50:32,-07:00,2025-04-25T10:50:32-07:00,0,45
global.js,66,js,ecd8d456,Daniel Budidharma,2025-04-25,10:50:32,-07:00,2025-04-25T10:50:32-07:00,0,46
global.js,67,js,ecd8d456,Daniel Budidharma,2025-04-25,10:50:32,-07:00,2025-04-25T10:50:32-07:00,0,0
global.js,68,js,ecd8d456,Daniel Budidharma,2025-04-25,10:50:32,-07:00,2025-04-25T10:50:32-07:00,0,0
global.js,69,js,fcfc85d6,Daniel Budidharma,2025-04-16,21:26:46,-07:00,2025-04-16T21:26:46-07:00,0,33
global.js,70,js,ecd8d456,Daniel Budidharma,2025-04-25,10:50:32,-07:00,2025-04-25T10:50:32-07:00,0,21
global.js,71,js,fcfc85d6,Daniel Budidharma,2025-04-16,21:26:46,-07:00,2025-04-16T21:26:46-07:00,0,0
global.js,72,js,fcfc85d6,Daniel Budidharma,2025-04-16,21:26:46,-07:00,2025-04-16T21:26:46-07:00,0,0
global.js,73,js,ecd8d456,Daniel Budidharma,2025-04-25,10:50:32,-07:00,2025-04-25T10:50:32-07:00,0,0
global.js,74,js,fcfc85d6,Daniel Budidharma,2025-04-16,21:26:46,-07:00,2025-04-16T21:26:46-07:00,0,59
global.js,75,js,f509926e,Daniel Budidharma,2025-04-16,20:58:40,-07:00,2025-04-16T20:58:40-07:00,0,0
global.js,76,js,fcfc85d6,Daniel Budidharma,2025-04-16,21:26:46,-07:00,2025-04-16T21:26:46-07:00,0,35
global.js,77,js,fcfc85d6,Daniel Budidharma,2025-04-16,21:26:46,-07:00,2025-04-16T21:26:46-07:00,0,40
global.js,78,js,fcfc85d6,Daniel Budidharma,2025-04-16,21:26:46,-07:00,2025-04-16T21:26:46-07:00,0,7
global.js,79,js,fcfc85d6,Daniel Budidharma,2025-04-16,21:26:46,-07:00,2025-04-16T21:26:46-07:00,0,23
global.js,80,js,fcfc85d6,Daniel Budidharma,2025-04-16,21:26:46,-07:00,2025-04-16T21:26:46-07:00,0,0
global.js,81,js,f509926e,Daniel Budidharma,2025-04-16,20:58:40,-07:00,2025-04-16T20:58:40-07:00,0,0
global.js,82,js,fcfc85d6,Daniel Budidharma,2025-04-16,21:26:46,-07:00,2025-04-16T21:26:46-07:00,0,50
global.js,83,js,fcfc85d6,Daniel Budidharma,2025-04-16,21:26:46,-07:00,2025-04-16T21:26:46-07:00,0,58
global.js,84,js,fcfc85d6,Daniel Budidharma,2025-04-16,21:26:46,-07:00,2025-04-16T21:26:46-07:00,0,33
global.js,85,js,2deb4d36,Daniel Budidharma,2025-04-23,13:06:50,-07:00,2025-04-23T13:06:50-07:00,0,2
global.js,86,js,2deb4d36,Daniel Budidharma,2025-04-23,13:06:50,-07:00,2025-04-23T13:06:50-07:00,0,0
global.js,87,js,2deb4d36,Daniel Budidharma,2025-04-23,13:06:50,-07:00,2025-04-23T13:06:50-07:00,0,10
global.js,88,js,2deb4d36,Daniel Budidharma,2025-04-23,13:06:50,-07:00,2025-04-23T13:06:50-07:00,0,37
global.js,89,js,2deb4d36,Daniel Budidharma,2025-04-23,13:06:50,-07:00,2025-04-23T13:06:50-07:00,0,4
global.js,90,js,2deb4d36,Daniel Budidharma,2025-04-23,13:06:50,-07:00,2025-04-23T13:06:50-07:00,0,40
global.js,91,js,2deb4d36,Daniel Budidharma,2025-04-23,13:06:50,-07:00,2025-04-23T13:06:50-07:00,0,33
global.js,92,js,2deb4d36,Daniel Budidharma,2025-04-23,13:06:50,-07:00,2025-04-23T13:06:50-07:00,0,18
global.js,93,js,2deb4d36,Daniel Budidharma,2025-04-23,13:06:50,-07:00,2025-04-23T13:06:50-07:00,0,67
global.js,94,js,2deb4d36,Daniel Budidharma,2025-04-23,13:06:50,-07:00,2025-04-23T13:06:50-07:00,0,0
global.js,95,js,2deb4d36,Daniel Budidharma,2025-04-23,13:06:50,-07:00,2025-04-23T13:06:50-07:00,0,34
global.js,96,js,2deb4d36,Daniel Budidharma,2025-04-23,13:06:50,-07:00,2025-04-23T13:06:50-07:00,0,11
global.js,97,js,2deb4d36,Daniel Budidharma,2025-04-23,13:06:50,-07:00,2025-04-23T13:06:50-07:00,0,16
global.js,98,js,2deb4d36,Daniel Budidharma,2025-04-23,13:06:50,-07:00,2025-04-23T13:06:50-07:00,0,60
global.js,99,js,2deb4d36,Daniel Budidharma,2025-04-23,13:06:50,-07:00,2025-04-23T13:06:50-07:00,0,0
global.js,100,js,2deb4d36,Daniel Budidharma,2025-04-23,13:06:50,-07:00,2025-04-23T13:06:50-07:00,0,0
global.js,101,js,2deb4d36,Daniel Budidharma,2025-04-23,13:06:50,-07:00,2025-04-23T13:06:50-07:00,0,0
global.js,102,js,2deb4d36,Daniel Budidharma,2025-04-23,13:06:50,-07:00,2025-04-23T13:06:50-07:00,0,0
global.js,103,js,2deb4d36,Daniel Budidharma,2025-04-23,13:06:50,-07:00,2025-04-23T13:06:50-07:00,0,79
global.js,104,js,2deb4d36,Daniel Budidharma,2025-04-23,13:06:50,-07:00,2025-04-23T13:06:50-07:00,0,31
global.js,105,js,2deb4d36,Daniel Budidharma,2025-04-23,13:06:50,-07:00,2025-04-23T13:06:50-07:00,0,25
global.js,106,js,2deb4d36,Daniel Budidharma,2025-04-23,13:06:50,-07:00,2025-04-23T13:06:50-07:00,0,49
global.js,107,js,2deb4d36,Daniel Budidharma,2025-04-23,13:06:50,-07:00,2025-04-23T13:06:50-07:00,0,23
global.js,108,js,2deb4d36,Daniel Budidharma,2025-04-23,13:06:50,-07:00,2025-04-23T13:06:50-07:00,0,20
global.js,109,js,2deb4d36,Daniel Budidharma,2025-04-23,13:06:50,-07:00,2025-04-23T13:06:50-07:00,0,44
global.js,110,js,ecd8d456,Daniel Budidharma,2025-04-25,10:50:32,-07:00,2025-04-25T10:50:32-07:00,0,25
global.js,111,js,ecd8d456,Daniel Budidharma,2025-04-25,10:50:32,-07:00,2025-04-25T10:50:32-07:00,0,47
global.js,112,js,ecd8d456,Daniel Budidharma,2025-04-25,10:50:32,-07:00,2025-04-25T10:50:32-07:00,0,25
global.js,113,js,2f350781,Daniel Budidharma,2025-04-29,15:17:59,-07:00,2025-04-29T15:17:59-07:00,0,3
global.js,114,js,2f350781,Daniel Budidharma,2025-04-29,15:17:59,-07:00,2025-04-29T15:17:59-07:00,0,18
global.js,115,js,ecd8d456,Daniel Budidharma,2025-04-25,10:50:32,-07:00,2025-04-25T10:50:32-07:00,0,5
global.js,116,js,ecd8d456,Daniel Budidharma,2025-04-25,10:50:32,-07:00,2025-04-25T10:50:32-07:00,0,1
global.js,117,js,ecd8d456,Daniel Budidharma,2025-04-25,10:50:32,-07:00,2025-04-25T10:50:32-07:00,0,0
global.js,118,js,2deb4d36,Daniel Budidharma,2025-04-23,13:06:50,-07:00,2025-04-23T13:06:50-07:00,0,37
global.js,119,js,2deb4d36,Daniel Budidharma,2025-04-23,13:06:50,-07:00,2025-04-23T13:06:50-07:00,0,0
global.js,120,js,0660f8c4,Daniel Budidharma,2025-04-24,13:47:16,-07:00,2025-04-24T13:47:16-07:00,0,0
global.js,121,js,0660f8c4,Daniel Budidharma,2025-04-24,13:47:16,-07:00,2025-04-24T13:47:16-07:00,0,0
global.js,122,js,0660f8c4,Daniel Budidharma,2025-04-24,13:47:16,-07:00,2025-04-24T13:47:16-07:00,0,12
global.js,123,js,0660f8c4,Daniel Budidharma,2025-04-24,13:47:16,-07:00,2025-04-24T13:47:16-07:00,0,48
global.js,124,js,0660f8c4,Daniel Budidharma,2025-04-24,13:47:16,-07:00,2025-04-24T13:47:16-07:00,0,60
global.js,125,js,2deb4d36,Daniel Budidharma,2025-04-23,13:06:50,-07:00,2025-04-23T13:06:50-07:00,0,0
resume\index.html,1,html,f8c2d8ea,Daniel Budidharma,2025-04-03,17:21:49,-07:00,2025-04-03T17:21:49-07:00,0,14
resume\index.html,2,html,f8c2d8ea,Daniel Budidharma,2025-04-03,17:21:49,-07:00,2025-04-03T17:21:49-07:00,0,15
resume\index.html,3,html,f8c2d8ea,Daniel Budidharma,2025-04-03,17:21:49,-07:00,2025-04-03T17:21:49-07:00,0,5
resume\index.html,4,html,f8c2d8ea,Daniel Budidharma,2025-04-03,17:21:49,-07:00,2025-04-03T17:21:49-07:00,0,21
resume\index.html,5,html,f8c2d8ea,Daniel Budidharma,2025-04-03,17:21:49,-07:00,2025-04-03T17:21:49-07:00,0,69
resume\index.html,6,html,f8c2d8ea,Daniel Budidharma,2025-04-03,17:21:49,-07:00,2025-04-03T17:21:49-07:00,0,20
resume\index.html,7,html,938033e9,Daniel Budidharma,2025-04-04,14:23:48,-07:00,2025-04-04T14:23:48-07:00,0,42
resume\index.html,8,html,de0ece94,Daniel Budidharma,2025-04-09,18:35:51,-07:00,2025-04-09T18:35:51-07:00,0,61
resume\index.html,9,html,f509926e,Daniel Budidharma,2025-04-16,20:58:40,-07:00,2025-04-16T20:58:40-07:00,0,49
resume\index.html,10,html,f8c2d8ea,Daniel Budidharma,2025-04-03,17:21:49,-07:00,2025-04-03T17:21:49-07:00,0,6
resume\index.html,11,html,de0ece94,Daniel Budidharma,2025-04-09,18:35:51,-07:00,2025-04-09T18:35:51-07:00,0,20
resume\index.html,12,html,f8c2d8ea,Daniel Budidharma,2025-04-03,17:21:49,-07:00,2025-04-03T17:21:49-07:00,0,52
resume\index.html,13,html,f8c2d8ea,Daniel Budidharma,2025-04-03,17:21:49,-07:00,2025-04-03T17:21:49-07:00,0,40
resume\index.html,14,html,f8c2d8ea,Daniel Budidharma,2025-04-03,17:21:49,-07:00,2025-04-03T17:21:49-07:00,0,61
resume\index.html,15,html,f8c2d8ea,Daniel Budidharma,2025-04-03,17:21:49,-07:00,2025-04-03T17:21:49-07:00,0,13
resume\index.html,16,html,f8c2d8ea,Daniel Budidharma,2025-04-03,17:21:49,-07:00,2025-04-03T17:21:49-07:00,0,77
resume\index.html,17,html,f8c2d8ea,Daniel Budidharma,2025-04-03,17:21:49,-07:00,2025-04-03T17:21:49-07:00,0,58
resume\index.html,18,html,f8c2d8ea,Daniel Budidharma,2025-04-03,17:21:49,-07:00,2025-04-03T17:21:49-07:00,0,7
resume\index.html,19,html,f8c2d8ea,Daniel Budidharma,2025-04-03,17:21:49,-07:00,2025-04-03T17:21:49-07:00,0,0
resume\index.html,20,html,f8c2d8ea,Daniel Budidharma,2025-04-03,17:21:49,-07:00,2025-04-03T17:21:49-07:00,0,8
resume\index.html,21,html,f8c2d8ea,Daniel Budidharma,2025-04-03,17:21:49,-07:00,2025-04-03T17:21:49-07:00,0,17
resume\index.html,22,html,f8c2d8ea,Daniel Budidharma,2025-04-03,17:21:49,-07:00,2025-04-03T17:21:49-07:00,0,3
resume\index.html,23,html,f8c2d8ea,Daniel Budidharma,2025-04-03,17:21:49,-07:00,2025-04-03T17:21:49-07:00,0,8
resume\index.html,24,html,f8c2d8ea,Daniel Budidharma,2025-04-03,17:21:49,-07:00,2025-04-03T17:21:49-07:00,0,108
resume\index.html,25,html,f8c2d8ea,Daniel Budidharma,2025-04-03,17:21:49,-07:00,2025-04-03T17:21:49-07:00,0,36
resume\index.html,26,html,f8c2d8ea,Daniel Budidharma,2025-04-03,17:21:49,-07:00,2025-04-03T17:21:49-07:00,0,127
resume\index.html,27,html,f8c2d8ea,Daniel Budidharma,2025-04-03,17:21:49,-07:00,2025-04-03T17:21:49-07:00,0,9
resume\index.html,28,html,f8c2d8ea,Daniel Budidharma,2025-04-03,17:21:49,-07:00,2025-04-03T17:21:49-07:00,0,9
resume\index.html,29,html,f8c2d8ea,Daniel Budidharma,2025-04-03,17:21:49,-07:00,2025-04-03T17:21:49-07:00,0,0
resume\index.html,30,html,f8c2d8ea,Daniel Budidharma,2025-04-03,17:21:49,-07:00,2025-04-03T17:21:49-07:00,0,8
resume\index.html,31,html,f8c2d8ea,Daniel Budidharma,2025-04-03,17:21:49,-07:00,2025-04-03T17:21:49-07:00,0,14
resume\index.html,32,html,f8c2d8ea,Daniel Budidharma,2025-04-03,17:21:49,-07:00,2025-04-03T17:21:49-07:00,0,3
resume\index.html,33,html,f8c2d8ea,Daniel Budidharma,2025-04-03,17:21:49,-07:00,2025-04-03T17:21:49-07:00,0,8
resume\index.html,34,html,f8c2d8ea,Daniel Budidharma,2025-04-03,17:21:49,-07:00,2025-04-03T17:21:49-07:00,0,74
resume\index.html,35,html,f8c2d8ea,Daniel Budidharma,2025-04-03,17:21:49,-07:00,2025-04-03T17:21:49-07:00,0,67
resume\index.html,36,html,f8c2d8ea,Daniel Budidharma,2025-04-03,17:21:49,-07:00,2025-04-03T17:21:49-07:00,0,9
resume\index.html,37,html,f8c2d8ea,Daniel Budidharma,2025-04-03,17:21:49,-07:00,2025-04-03T17:21:49-07:00,0,9
resume\index.html,38,html,f8c2d8ea,Daniel Budidharma,2025-04-03,17:21:49,-07:00,2025-04-03T17:21:49-07:00,0,0
resume\index.html,39,html,f8c2d8ea,Daniel Budidharma,2025-04-03,17:21:49,-07:00,2025-04-03T17:21:49-07:00,0,8
resume\index.html,40,html,f8c2d8ea,Daniel Budidharma,2025-04-03,17:21:49,-07:00,2025-04-03T17:21:49-07:00,0,18
resume\index.html,41,html,f8c2d8ea,Daniel Budidharma,2025-04-03,17:21:49,-07:00,2025-04-03T17:21:49-07:00,0,3
resume\index.html,42,html,f8c2d8ea,Daniel Budidharma,2025-04-03,17:21:49,-07:00,2025-04-03T17:21:49-07:00,0,8
resume\index.html,43,html,f8c2d8ea,Daniel Budidharma,2025-04-03,17:21:49,-07:00,2025-04-03T17:21:49-07:00,0,129
resume\index.html,44,html,f8c2d8ea,Daniel Budidharma,2025-04-03,17:21:49,-07:00,2025-04-03T17:21:49-07:00,0,3
resume\index.html,45,html,f8c2d8ea,Daniel Budidharma,2025-04-03,17:21:49,-07:00,2025-04-03T17:21:49-07:00,0,122
resume\index.html,46,html,f8c2d8ea,Daniel Budidharma,2025-04-03,17:21:49,-07:00,2025-04-03T17:21:49-07:00,0,43
resume\index.html,47,html,f8c2d8ea,Daniel Budidharma,2025-04-03,17:21:49,-07:00,2025-04-03T17:21:49-07:00,0,84
resume\index.html,48,html,f8c2d8ea,Daniel Budidharma,2025-04-03,17:21:49,-07:00,2025-04-03T17:21:49-07:00,0,116
resume\index.html,49,html,f8c2d8ea,Daniel Budidharma,2025-04-03,17:21:49,-07:00,2025-04-03T17:21:49-07:00,0,25
resume\index.html,50,html,f8c2d8ea,Daniel Budidharma,2025-04-03,17:21:49,-07:00,2025-04-03T17:21:49-07:00,0,4
resume\index.html,51,html,f8c2d8ea,Daniel Budidharma,2025-04-03,17:21:49,-07:00,2025-04-03T17:21:49-07:00,0,9
resume\index.html,52,html,f8c2d8ea,Daniel Budidharma,2025-04-03,17:21:49,-07:00,2025-04-03T17:21:49-07:00,0,8
resume\index.html,53,html,f8c2d8ea,Daniel Budidharma,2025-04-03,17:21:49,-07:00,2025-04-03T17:21:49-07:00,0,119
resume\index.html,54,html,f8c2d8ea,Daniel Budidharma,2025-04-03,17:21:49,-07:00,2025-04-03T17:21:49-07:00,0,3
resume\index.html,55,html,f8c2d8ea,Daniel Budidharma,2025-04-03,17:21:49,-07:00,2025-04-03T17:21:49-07:00,0,119
resume\index.html,56,html,f8c2d8ea,Daniel Budidharma,2025-04-03,17:21:49,-07:00,2025-04-03T17:21:49-07:00,0,29
resume\index.html,57,html,f8c2d8ea,Daniel Budidharma,2025-04-03,17:21:49,-07:00,2025-04-03T17:21:49-07:00,0,116
resume\index.html,58,html,f8c2d8ea,Daniel Budidharma,2025-04-03,17:21:49,-07:00,2025-04-03T17:21:49-07:00,0,49
resume\index.html,59,html,f8c2d8ea,Daniel Budidharma,2025-04-03,17:21:49,-07:00,2025-04-03T17:21:49-07:00,0,4
resume\index.html,60,html,f8c2d8ea,Daniel Budidharma,2025-04-03,17:21:49,-07:00,2025-04-03T17:21:49-07:00,0,9
resume\index.html,61,html,f8c2d8ea,Daniel Budidharma,2025-04-03,17:21:49,-07:00,2025-04-03T17:21:49-07:00,0,9
resume\index.html,62,html,f8c2d8ea,Daniel Budidharma,2025-04-03,17:21:49,-07:00,2025-04-03T17:21:49-07:00,0,0
resume\index.html,63,html,f8c2d8ea,Daniel Budidharma,2025-04-03,17:21:49,-07:00,2025-04-03T17:21:49-07:00,0,8
resume\index.html,64,html,f8c2d8ea,Daniel Budidharma,2025-04-03,17:21:49,-07:00,2025-04-03T17:21:49-07:00,0,16
resume\index.html,65,html,f8c2d8ea,Daniel Budidharma,2025-04-03,17:21:49,-07:00,2025-04-03T17:21:49-07:00,0,3
resume\index.html,66,html,f8c2d8ea,Daniel Budidharma,2025-04-03,17:21:49,-07:00,2025-04-03T17:21:49-07:00,0,8
resume\index.html,67,html,83c40fd3,Daniel Budidharma,2025-04-04,14:21:51,-07:00,2025-04-04T14:21:51-07:00,0,71
resume\index.html,68,html,f8c2d8ea,Daniel Budidharma,2025-04-03,17:21:49,-07:00,2025-04-03T17:21:49-07:00,0,3
resume\index.html,69,html,f8c2d8ea,Daniel Budidharma,2025-04-03,17:21:49,-07:00,2025-04-03T17:21:49-07:00,0,146
resume\index.html,70,html,f8c2d8ea,Daniel Budidharma,2025-04-03,17:21:49,-07:00,2025-04-03T17:21:49-07:00,0,4
resume\index.html,71,html,f8c2d8ea,Daniel Budidharma,2025-04-03,17:21:49,-07:00,2025-04-03T17:21:49-07:00,0,9
resume\index.html,72,html,f8c2d8ea,Daniel Budidharma,2025-04-03,17:21:49,-07:00,2025-04-03T17:21:49-07:00,0,8
resume\index.html,73,html,f8c2d8ea,Daniel Budidharma,2025-04-03,17:21:49,-07:00,2025-04-03T17:21:49-07:00,0,62
resume\index.html,74,html,f8c2d8ea,Daniel Budidharma,2025-04-03,17:21:49,-07:00,2025-04-03T17:21:49-07:00,0,3
resume\index.html,75,html,f8c2d8ea,Daniel Budidharma,2025-04-03,17:21:49,-07:00,2025-04-03T17:21:49-07:00,0,122
resume\index.html,76,html,f8c2d8ea,Daniel Budidharma,2025-04-03,17:21:49,-07:00,2025-04-03T17:21:49-07:00,0,118
resume\index.html,77,html,f8c2d8ea,Daniel Budidharma,2025-04-03,17:21:49,-07:00,2025-04-03T17:21:49-07:00,0,60
resume\index.html,78,html,f8c2d8ea,Daniel Budidharma,2025-04-03,17:21:49,-07:00,2025-04-03T17:21:49-07:00,0,113
resume\index.html,79,html,f8c2d8ea,Daniel Budidharma,2025-04-03,17:21:49,-07:00,2025-04-03T17:21:49-07:00,0,4
resume\index.html,80,html,f8c2d8ea,Daniel Budidharma,2025-04-03,17:21:49,-07:00,2025-04-03T17:21:49-07:00,0,9
resume\index.html,81,html,f8c2d8ea,Daniel Budidharma,2025-04-03,17:21:49,-07:00,2025-04-03T17:21:49-07:00,0,9
resume\index.html,82,html,f8c2d8ea,Daniel Budidharma,2025-04-03,17:21:49,-07:00,2025-04-03T17:21:49-07:00,0,0
resume\index.html,83,html,f8c2d8ea,Daniel Budidharma,2025-04-03,17:21:49,-07:00,2025-04-03T17:21:49-07:00,0,6
resume\index.html,84,html,f8c2d8ea,Daniel Budidharma,2025-04-03,17:21:49,-07:00,2025-04-03T17:21:49-07:00,0,6
projects\projects.js,1,js,2deb4d36,Daniel Budidharma,2025-04-23,13:06:50,-07:00,2025-04-23T13:06:50-07:00,0,56
projects\projects.js,2,js,2f350781,Daniel Budidharma,2025-04-29,15:17:59,-07:00,2025-04-29T15:17:59-07:00,0,64
projects\projects.js,3,js,2deb4d36,Daniel Budidharma,2025-04-23,13:06:50,-07:00,2025-04-23T13:06:50-07:00,0,0
projects\projects.js,4,js,2deb4d36,Daniel Budidharma,2025-04-23,13:06:50,-07:00,2025-04-23T13:06:50-07:00,0,56
projects\projects.js,5,js,0660f8c4,Daniel Budidharma,2025-04-24,13:47:16,-07:00,2025-04-24T13:47:16-07:00,0,0
projects\projects.js,6,js,2f350781,Daniel Budidharma,2025-04-29,15:17:59,-07:00,2025-04-29T15:17:59-07:00,0,58
projects\projects.js,7,js,50617630,Daniel Budidharma,2025-05-01,12:56:11,-07:00,2025-05-01T12:56:11-07:00,0,22
projects\projects.js,8,js,2f350781,Daniel Budidharma,2025-04-29,15:17:59,-07:00,2025-04-29T15:17:59-07:00,0,0
projects\projects.js,9,js,50617630,Daniel Budidharma,2025-05-01,12:56:11,-07:00,2025-05-01T12:56:11-07:00,0,39
projects\projects.js,10,js,50617630,Daniel Budidharma,2025-05-01,12:56:11,-07:00,2025-05-01T12:56:11-07:00,0,26
projects\projects.js,11,js,50617630,Daniel Budidharma,2025-05-01,12:56:11,-07:00,2025-05-01T12:56:11-07:00,0,30
projects\projects.js,12,js,50617630,Daniel Budidharma,2025-05-01,12:56:11,-07:00,2025-05-01T12:56:11-07:00,0,13
projects\projects.js,13,js,50617630,Daniel Budidharma,2025-05-01,12:56:11,-07:00,2025-05-01T12:56:11-07:00,0,15
projects\projects.js,14,js,50617630,Daniel Budidharma,2025-05-01,12:56:11,-07:00,2025-05-01T12:56:11-07:00,0,13
projects\projects.js,15,js,50617630,Daniel Budidharma,2025-05-01,12:56:11,-07:00,2025-05-01T12:56:11-07:00,0,1
projects\projects.js,16,js,50617630,Daniel Budidharma,2025-05-01,12:56:11,-07:00,2025-05-01T12:56:11-07:00,0,19
projects\projects.js,17,js,50617630,Daniel Budidharma,2025-05-01,12:56:11,-07:00,2025-05-01T12:56:11-07:00,0,51
projects\projects.js,18,js,50617630,Daniel Budidharma,2025-05-01,12:56:11,-07:00,2025-05-01T12:56:11-07:00,0,36
projects\projects.js,19,js,50617630,Daniel Budidharma,2025-05-01,12:56:11,-07:00,2025-05-01T12:56:11-07:00,0,2
projects\projects.js,20,js,50617630,Daniel Budidharma,2025-05-01,12:56:11,-07:00,2025-05-01T12:56:11-07:00,0,51
projects\projects.js,21,js,50617630,Daniel Budidharma,2025-05-01,12:56:11,-07:00,2025-05-01T12:56:11-07:00,0,54
projects\projects.js,22,js,50617630,Daniel Budidharma,2025-05-01,12:56:11,-07:00,2025-05-01T12:56:11-07:00,0,43
projects\projects.js,23,js,50617630,Daniel Budidharma,2025-05-01,12:56:11,-07:00,2025-05-01T12:56:11-07:00,0,52
projects\projects.js,24,js,50617630,Daniel Budidharma,2025-05-01,12:56:11,-07:00,2025-05-01T12:56:11-07:00,0,28
projects\projects.js,25,js,50617630,Daniel Budidharma,2025-05-01,12:56:11,-07:00,2025-05-01T12:56:11-07:00,0,54
projects\projects.js,26,js,50617630,Daniel Budidharma,2025-05-01,12:56:11,-07:00,2025-05-01T12:56:11-07:00,0,45
projects\projects.js,27,js,50617630,Daniel Budidharma,2025-05-01,12:56:11,-07:00,2025-05-01T12:56:11-07:00,0,26
projects\projects.js,28,js,50617630,Daniel Budidharma,2025-05-01,12:56:11,-07:00,2025-05-01T12:56:11-07:00,0,45
projects\projects.js,29,js,50617630,Daniel Budidharma,2025-05-01,12:56:11,-07:00,2025-05-01T12:56:11-07:00,0,30
projects\projects.js,30,js,50617630,Daniel Budidharma,2025-05-01,12:56:11,-07:00,2025-05-01T12:56:11-07:00,0,37
projects\projects.js,31,js,50617630,Daniel Budidharma,2025-05-01,12:56:11,-07:00,2025-05-01T12:56:11-07:00,0,14
projects\projects.js,32,js,50617630,Daniel Budidharma,2025-05-01,12:56:11,-07:00,2025-05-01T12:56:11-07:00,0,14
projects\projects.js,33,js,50617630,Daniel Budidharma,2025-05-01,12:56:11,-07:00,2025-05-01T12:56:11-07:00,0,25
projects\projects.js,34,js,50617630,Daniel Budidharma,2025-05-01,12:56:11,-07:00,2025-05-01T12:56:11-07:00,0,23
projects\projects.js,35,js,50617630,Daniel Budidharma,2025-05-01,12:56:11,-07:00,2025-05-01T12:56:11-07:00,0,78
projects\projects.js,36,js,50617630,Daniel Budidharma,2025-05-01,12:56:11,-07:00,2025-05-01T12:56:11-07:00,0,29
projects\projects.js,37,js,50617630,Daniel Budidharma,2025-05-01,12:56:11,-07:00,2025-05-01T12:56:11-07:00,0,51
projects\projects.js,38,js,50617630,Daniel Budidharma,2025-05-01,12:56:11,-07:00,2025-05-01T12:56:11-07:00,0,36
projects\projects.js,39,js,50617630,Daniel Budidharma,2025-05-01,12:56:11,-07:00,2025-05-01T12:56:11-07:00,0,40
projects\projects.js,40,js,50617630,Daniel Budidharma,2025-05-01,12:56:11,-07:00,2025-05-01T12:56:11-07:00,0,75
projects\projects.js,41,js,50617630,Daniel Budidharma,2025-05-01,12:56:11,-07:00,2025-05-01T12:56:11-07:00,0,0
projects\projects.js,42,js,50617630,Daniel Budidharma,2025-05-01,12:56:11,-07:00,2025-05-01T12:56:11-07:00,0,37
projects\projects.js,43,js,50617630,Daniel Budidharma,2025-05-01,12:56:11,-07:00,2025-05-01T12:56:11-07:00,0,26
projects\projects.js,44,js,50617630,Daniel Budidharma,2025-05-01,12:56:11,-07:00,2025-05-01T12:56:11-07:00,0,34
projects\projects.js,45,js,50617630,Daniel Budidharma,2025-05-01,12:56:11,-07:00,2025-05-01T12:56:11-07:00,0,27
projects\projects.js,46,js,50617630,Daniel Budidharma,2025-05-01,12:56:11,-07:00,2025-05-01T12:56:11-07:00,0,22
projects\projects.js,47,js,50617630,Daniel Budidharma,2025-05-01,12:56:11,-07:00,2025-05-01T12:56:11-07:00,0,0
projects\projects.js,48,js,50617630,Daniel Budidharma,2025-05-01,12:56:11,-07:00,2025-05-01T12:56:11-07:00,0,1
projects\projects.js,49,js,50617630,Daniel Budidharma,2025-05-01,12:56:11,-07:00,2025-05-01T12:56:11-07:00,0,28
projects\projects.js,50,js,50617630,Daniel Budidharma,2025-05-01,12:56:11,-07:00,2025-05-01T12:56:11-07:00,0,51
projects\projects.js,51,js,50617630,Daniel Budidharma,2025-05-01,12:56:11,-07:00,2025-05-01T12:56:11-07:00,0,41
projects\projects.js,52,js,50617630,Daniel Budidharma,2025-05-01,12:56:11,-07:00,2025-05-01T12:56:11-07:00,0,42
projects\projects.js,53,js,50617630,Daniel Budidharma,2025-05-01,12:56:11,-07:00,2025-05-01T12:56:11-07:00,0,76
projects\projects.js,54,js,50617630,Daniel Budidharma,2025-05-01,12:56:11,-07:00,2025-05-01T12:56:11-07:00,0,0
projects\projects.js,55,js,50617630,Daniel Budidharma,2025-05-01,12:56:11,-07:00,2025-05-01T12:56:11-07:00,0,33
projects\projects.js,56,js,50617630,Daniel Budidharma,2025-05-01,12:56:11,-07:00,2025-05-01T12:56:11-07:00,0,26
projects\projects.js,57,js,50617630,Daniel Budidharma,2025-05-01,12:56:11,-07:00,2025-05-01T12:56:11-07:00,0,55
projects\projects.js,58,js,50617630,Daniel Budidharma,2025-05-01,12:56:11,-07:00,2025-05-01T12:56:11-07:00,0,0
projects\projects.js,59,js,50617630,Daniel Budidharma,2025-05-01,12:56:11,-07:00,2025-05-01T12:56:11-07:00,0,1
projects\projects.js,60,js,50617630,Daniel Budidharma,2025-05-01,12:56:11,-07:00,2025-05-01T12:56:11-07:00,0,25
projects\projects.js,61,js,50617630,Daniel Budidharma,2025-05-01,12:56:11,-07:00,2025-05-01T12:56:11-07:00,0,27
projects\projects.js,62,js,50617630,Daniel Budidharma,2025-05-01,12:56:11,-07:00,2025-05-01T12:56:11-07:00,0,61
projects\projects.js,63,js,50617630,Daniel Budidharma,2025-05-01,12:56:11,-07:00,2025-05-01T12:56:11-07:00,0,18
projects\projects.js,64,js,50617630,Daniel Budidharma,2025-05-01,12:56:11,-07:00,2025-05-01T12:56:11-07:00,0,34
projects\projects.js,65,js,50617630,Daniel Budidharma,2025-05-01,12:56:11,-07:00,2025-05-01T12:56:11-07:00,0,26
projects\projects.js,66,js,50617630,Daniel Budidharma,2025-05-01,12:56:11,-07:00,2025-05-01T12:56:11-07:00,0,34
projects\projects.js,67,js,50617630,Daniel Budidharma,2025-05-01,12:56:11,-07:00,2025-05-01T12:56:11-07:00,0,20
projects\projects.js,68,js,50617630,Daniel Budidharma,2025-05-01,12:56:11,-07:00,2025-05-01T12:56:11-07:00,0,58
projects\projects.js,69,js,2f350781,Daniel Budidharma,2025-04-29,15:17:59,-07:00,2025-04-29T15:17:59-07:00,0,0
projects\projects.js,70,js,00000000,Not Committed Yet,2025-05-08,16:41:54,-07:00,2025-05-08T16:41:54-07:00,0,47
projects\projects.js,71,js,50617630,Daniel Budidharma,2025-05-01,12:56:11,-07:00,2025-05-01T12:56:11-07:00,0,52
projects\projects.js,72,js,50617630,Daniel Budidharma,2025-05-01,12:56:11,-07:00,2025-05-01T12:56:11-07:00,0,60
projects\projects.js,73,js,50617630,Daniel Budidharma,2025-05-01,12:56:11,-07:00,2025-05-01T12:56:11-07:00,0,43
projects\projects.js,74,js,50617630,Daniel Budidharma,2025-05-01,12:56:11,-07:00,2025-05-01T12:56:11-07:00,0,2
projects\projects.js,75,js,50617630,Daniel Budidharma,2025-05-01,12:56:11,-07:00,2025-05-01T12:56:11-07:00,0,57
projects\projects.js,76,js,50617630,Daniel Budidharma,2025-05-01,12:56:11,-07:00,2025-05-01T12:56:11-07:00,0,7
projects\projects.js,77,js,50617630,Daniel Budidharma,2025-05-01,12:56:11,-07:00,2025-05-01T12:56:11-07:00,0,40
projects\projects.js,78,js,50617630,Daniel Budidharma,2025-05-01,12:56:11,-07:00,2025-05-01T12:56:11-07:00,0,19
projects\projects.js,79,js,50617630,Daniel Budidharma,2025-05-01,12:56:11,-07:00,2025-05-01T12:56:11-07:00,0,34
projects\projects.js,80,js,50617630,Daniel Budidharma,2025-05-01,12:56:11,-07:00,2025-05-01T12:56:11-07:00,0,26
projects\projects.js,81,js,50617630,Daniel Budidharma,2025-05-01,12:56:11,-07:00,2025-05-01T12:56:11-07:00,0,21
projects\projects.js,82,js,50617630,Daniel Budidharma,2025-05-01,12:56:11,-07:00,2025-05-01T12:56:11-07:00,0,35
projects\projects.js,83,js,50617630,Daniel Budidharma,2025-05-01,12:56:11,-07:00,2025-05-01T12:56:11-07:00,0,14
projects\projects.js,84,js,50617630,Daniel Budidharma,2025-05-01,12:56:11,-07:00,2025-05-01T12:56:11-07:00,0,25
projects\projects.js,85,js,50617630,Daniel Budidharma,2025-05-01,12:56:11,-07:00,2025-05-01T12:56:11-07:00,0,24
projects\projects.js,86,js,50617630,Daniel Budidharma,2025-05-01,12:56:11,-07:00,2025-05-01T12:56:11-07:00,0,20
projects\projects.js,87,js,2f350781,Daniel Budidharma,2025-04-29,15:17:59,-07:00,2025-04-29T15:17:59-07:00,0,0
projects\projects.js,88,js,50617630,Daniel Budidharma,2025-05-01,12:56:11,-07:00,2025-05-01T12:56:11-07:00,0,27
projects\projects.js,89,js,50617630,Daniel Budidharma,2025-05-01,12:56:11,-07:00,2025-05-01T12:56:11-07:00,0,58
projects\projects.js,90,js,50617630,Daniel Budidharma,2025-05-01,12:56:11,-07:00,2025-05-01T12:56:11-07:00,0,75
projects\projects.js,91,js,2f350781,Daniel Budidharma,2025-04-29,15:17:59,-07:00,2025-04-29T15:17:59-07:00,0,0
projects\projects.js,92,js,50617630,Daniel Budidharma,2025-05-01,12:56:11,-07:00,2025-05-01T12:56:11-07:00,0,31
projects\projects.js,93,js,50617630,Daniel Budidharma,2025-05-01,12:56:11,-07:00,2025-05-01T12:56:11-07:00,0,43
projects\projects.js,94,js,50617630,Daniel Budidharma,2025-05-01,12:56:11,-07:00,2025-05-01T12:56:11-07:00,0,47
projects\projects.js,95,js,50617630,Daniel Budidharma,2025-05-01,12:56:11,-07:00,2025-05-01T12:56:11-07:00,0,1
projects\projects.js,96,js,50617630,Daniel Budidharma,2025-05-01,12:56:11,-07:00,2025-05-01T12:56:11-07:00,0,0
projects\projects.js,97,js,50617630,Daniel Budidharma,2025-05-01,12:56:11,-07:00,2025-05-01T12:56:11-07:00,0,57
projects\projects.js,98,js,50617630,Daniel Budidharma,2025-05-01,12:56:11,-07:00,2025-05-01T12:56:11-07:00,0,0
projects\projects.js,99,js,50617630,Daniel Budidharma,2025-05-01,12:56:11,-07:00,2025-05-01T12:56:11-07:00,0,2
projects\projects.js,100,js,50617630,Daniel Budidharma,2025-05-01,12:56:11,-07:00,2025-05-01T12:56:11-07:00,0,2
projects\projects.js,101,js,50617630,Daniel Budidharma,2025-05-01,12:56:11,-07:00,2025-05-01T12:56:11-07:00,0,0
projects\projects.js,102,js,50617630,Daniel Budidharma,2025-05-01,12:56:11,-07:00,2025-05-01T12:56:11-07:00,0,33
projects\projects.js,103,js,50617630,Daniel Budidharma,2025-05-01,12:56:11,-07:00,2025-05-01T12:56:11-07:00,0,28
projects\projects.js,104,js,50617630,Daniel Budidharma,2025-05-01,12:56:11,-07:00,2025-05-01T12:56:11-07:00,0,5
projects\projects.js,105,js,50617630,Daniel Budidharma,2025-05-01,12:56:11,-07:00,2025-05-01T12:56:11-07:00,0,12
projects\projects.js,106,js,50617630,Daniel Budidharma,2025-05-01,12:56:11,-07:00,2025-05-01T12:56:11-07:00,0,28
projects\projects.js,107,js,50617630,Daniel Budidharma,2025-05-01,12:56:11,-07:00,2025-05-01T12:56:11-07:00,0,23
projects\projects.js,108,js,50617630,Daniel Budidharma,2025-05-01,12:56:11,-07:00,2025-05-01T12:56:11-07:00,0,63
projects\projects.js,109,js,50617630,Daniel Budidharma,2025-05-01,12:56:11,-07:00,2025-05-01T12:56:11-07:00,0,6
projects\projects.js,110,js,50617630,Daniel Budidharma,2025-05-01,12:56:11,-07:00,2025-05-01T12:56:11-07:00,0,12
projects\projects.js,111,js,50617630,Daniel Budidharma,2025-05-01,12:56:11,-07:00,2025-05-01T12:56:11-07:00,0,12
projects\projects.js,112,js,50617630,Daniel Budidharma,2025-05-01,12:56:11,-07:00,2025-05-01T12:56:11-07:00,0,13
projects\projects.js,113,js,50617630,Daniel Budidharma,2025-05-01,12:56:11,-07:00,2025-05-01T12:56:11-07:00,0,32
projects\projects.js,114,js,50617630,Daniel Budidharma,2025-05-01,12:56:11,-07:00,2025-05-01T12:56:11-07:00,0,18
projects\projects.js,115,js,50617630,Daniel Budidharma,2025-05-01,12:56:11,-07:00,2025-05-01T12:56:11-07:00,0,21
projects\projects.js,116,js,50617630,Daniel Budidharma,2025-05-01,12:56:11,-07:00,2025-05-01T12:56:11-07:00,0,8
projects\projects.js,117,js,50617630,Daniel Budidharma,2025-05-01,12:56:11,-07:00,2025-05-01T12:56:11-07:00,0,31
projects\projects.js,118,js,50617630,Daniel Budidharma,2025-05-01,12:56:11,-07:00,2025-05-01T12:56:11-07:00,0,2
projects\projects.js,119,js,50617630,Daniel Budidharma,2025-05-01,12:56:11,-07:00,2025-05-01T12:56:11-07:00,0,2
projects\projects.js,120,js,50617630,Daniel Budidharma,2025-05-01,12:56:11,-07:00,2025-05-01T12:56:11-07:00,0,0
projects\projects.js,121,js,50617630,Daniel Budidharma,2025-05-01,12:56:11,-07:00,2025-05-01T12:56:11-07:00,0,0
projects\projects.js,122,js,50617630,Daniel Budidharma,2025-05-01,12:56:11,-07:00,2025-05-01T12:56:11-07:00,0,24
projects\projects.js,123,js,2f350781,Daniel Budidharma,2025-04-29,15:17:59,-07:00,2025-04-29T15:17:59-07:00,0,0
projects\projects.js,124,js,0660f8c4,Daniel Budidharma,2025-04-24,13:47:16,-07:00,2025-04-24T13:47:16-07:00,0,8
projects\projects.js,125,js,0660f8c4,Daniel Budidharma,2025-04-24,13:47:16,-07:00,2025-04-24T13:47:16-07:00,0,43
projects\projects.js,126,js,0660f8c4,Daniel Budidharma,2025-04-24,13:47:16,-07:00,2025-04-24T13:47:16-07:00,0,61
projects\projects.js,127,js,0660f8c4,Daniel Budidharma,2025-04-24,13:47:16,-07:00,2025-04-24T13:47:16-07:00,0,0
projects\projects.js,128,js,0660f8c4,Daniel Budidharma,2025-04-24,13:47:16,-07:00,2025-04-24T13:47:16-07:00,0,10
projects\projects.js,129,js,2deb4d36,Daniel Budidharma,2025-04-23,13:06:50,-07:00,2025-04-23T13:06:50-07:00,0,61
projects\projects.js,130,js,0660f8c4,Daniel Budidharma,2025-04-24,13:47:16,-07:00,2025-04-24T13:47:16-07:00,0,49
projects\projects.js,131,js,0660f8c4,Daniel Budidharma,2025-04-24,13:47:16,-07:00,2025-04-24T13:47:16-07:00,0,0
projects\projects.js,132,js,50617630,Daniel Budidharma,2025-05-01,12:56:11,-07:00,2025-05-01T12:56:11-07:00,0,14
projects\projects.js,133,js,50617630,Daniel Budidharma,2025-05-01,12:56:11,-07:00,2025-05-01T12:56:11-07:00,0,54
projects\projects.js,134,js,50617630,Daniel Budidharma,2025-05-01,12:56:11,-07:00,2025-05-01T12:56:11-07:00,0,49
projects\projects.js,135,js,50617630,Daniel Budidharma,2025-05-01,12:56:11,-07:00,2025-05-01T12:56:11-07:00,0,20
projects\projects.js,136,js,50617630,Daniel Budidharma,2025-05-01,12:56:11,-07:00,2025-05-01T12:56:11-07:00,0,26
projects\projects.js,137,js,50617630,Daniel Budidharma,2025-05-01,12:56:11,-07:00,2025-05-01T12:56:11-07:00,0,17
projects\projects.js,138,js,50617630,Daniel Budidharma,2025-05-01,12:56:11,-07:00,2025-05-01T12:56:11-07:00,0,52
projects\projects.js,139,js,50617630,Daniel Budidharma,2025-05-01,12:56:11,-07:00,2025-05-01T12:56:11-07:00,0,60
projects\projects.js,140,js,50617630,Daniel Budidharma,2025-05-01,12:56:11,-07:00,2025-05-01T12:56:11-07:00,0,43
projects\projects.js,141,js,50617630,Daniel Budidharma,2025-05-01,12:56:11,-07:00,2025-05-01T12:56:11-07:00,0,2
projects\projects.js,142,js,50617630,Daniel Budidharma,2025-05-01,12:56:11,-07:00,2025-05-01T12:56:11-07:00,0,26
projects\projects.js,143,js,50617630,Daniel Budidharma,2025-05-01,12:56:11,-07:00,2025-05-01T12:56:11-07:00,0,32
projects\projects.js,144,js,50617630,Daniel Budidharma,2025-05-01,12:56:11,-07:00,2025-05-01T12:56:11-07:00,0,57
projects\projects.js,145,js,50617630,Daniel Budidharma,2025-05-01,12:56:11,-07:00,2025-05-01T12:56:11-07:00,0,2
projects\index.html,1,html,69540b56,Daniel Budidharma,2025-04-03,15:00:48,-07:00,2025-04-03T15:00:48-07:00,0,14
projects\index.html,2,html,69540b56,Daniel Budidharma,2025-04-03,15:00:48,-07:00,2025-04-03T15:00:48-07:00,0,15
projects\index.html,3,html,69540b56,Daniel Budidharma,2025-04-03,15:00:48,-07:00,2025-04-03T15:00:48-07:00,0,5
projects\index.html,4,html,69540b56,Daniel Budidharma,2025-04-03,15:00:48,-07:00,2025-04-03T15:00:48-07:00,0,21
projects\index.html,5,html,69540b56,Daniel Budidharma,2025-04-03,15:00:48,-07:00,2025-04-03T15:00:48-07:00,0,69
projects\index.html,6,html,69540b56,Daniel Budidharma,2025-04-03,15:00:48,-07:00,2025-04-03T15:00:48-07:00,0,22
projects\index.html,7,html,938033e9,Daniel Budidharma,2025-04-04,14:23:48,-07:00,2025-04-04T14:23:48-07:00,0,42
projects\index.html,8,html,de0ece94,Daniel Budidharma,2025-04-09,18:35:51,-07:00,2025-04-09T18:35:51-07:00,0,61
projects\index.html,9,html,f509926e,Daniel Budidharma,2025-04-16,20:58:40,-07:00,2025-04-16T20:58:40-07:00,0,49
projects\index.html,10,html,69540b56,Daniel Budidharma,2025-04-03,15:00:48,-07:00,2025-04-03T15:00:48-07:00,0,6
projects\index.html,11,html,69540b56,Daniel Budidharma,2025-04-03,15:00:48,-07:00,2025-04-03T15:00:48-07:00,0,5
projects\index.html,12,html,0660f8c4,Daniel Budidharma,2025-04-24,13:47:16,-07:00,2025-04-24T13:47:16-07:00,0,8
projects\index.html,13,html,50617630,Daniel Budidharma,2025-05-01,12:56:11,-07:00,2025-05-01T12:56:11-07:00,0,22
projects\index.html,14,html,50617630,Daniel Budidharma,2025-05-01,12:56:11,-07:00,2025-05-01T12:56:11-07:00,0,49
projects\index.html,15,html,50617630,Daniel Budidharma,2025-05-01,12:56:11,-07:00,2025-05-01T12:56:11-07:00,0,10
projects\index.html,16,html,50617630,Daniel Budidharma,2025-05-01,12:56:11,-07:00,2025-05-01T12:56:11-07:00,0,5
projects\index.html,17,html,50617630,Daniel Budidharma,2025-05-01,12:56:11,-07:00,2025-05-01T12:56:11-07:00,0,18
projects\index.html,18,html,50617630,Daniel Budidharma,2025-05-01,12:56:11,-07:00,2025-05-01T12:56:11-07:00,0,10
projects\index.html,19,html,50617630,Daniel Budidharma,2025-05-01,12:56:11,-07:00,2025-05-01T12:56:11-07:00,0,4
projects\index.html,20,html,50617630,Daniel Budidharma,2025-05-01,12:56:11,-07:00,2025-05-01T12:56:11-07:00,0,5
projects\index.html,21,html,50617630,Daniel Budidharma,2025-05-01,12:56:11,-07:00,2025-05-01T12:56:11-07:00,0,5
projects\index.html,22,html,50617630,Daniel Budidharma,2025-05-01,12:56:11,-07:00,2025-05-01T12:56:11-07:00,0,16
projects\index.html,23,html,50617630,Daniel Budidharma,2025-05-01,12:56:11,-07:00,2025-05-01T12:56:11-07:00,0,12
projects\index.html,24,html,50617630,Daniel Budidharma,2025-05-01,12:56:11,-07:00,2025-05-01T12:56:11-07:00,0,27
projects\index.html,25,html,50617630,Daniel Budidharma,2025-05-01,12:56:11,-07:00,2025-05-01T12:56:11-07:00,0,32
projects\index.html,26,html,50617630,Daniel Budidharma,2025-05-01,12:56:11,-07:00,2025-05-01T12:56:11-07:00,0,1
projects\index.html,27,html,50617630,Daniel Budidharma,2025-05-01,12:56:11,-07:00,2025-05-01T12:56:11-07:00,0,0
projects\index.html,28,html,50617630,Daniel Budidharma,2025-05-01,12:56:11,-07:00,2025-05-01T12:56:11-07:00,0,0
projects\index.html,29,html,de0ece94,Daniel Budidharma,2025-04-09,18:35:51,-07:00,2025-04-09T18:35:51-07:00,0,21
projects\index.html,30,html,2deb4d36,Daniel Budidharma,2025-04-23,13:06:50,-07:00,2025-04-23T13:06:50-07:00,0,48
projects\index.html,31,html,de0ece94,Daniel Budidharma,2025-04-09,18:35:51,-07:00,2025-04-09T18:35:51-07:00,0,5
projects\index.html,32,html,69540b56,Daniel Budidharma,2025-04-03,15:00:48,-07:00,2025-04-03T15:00:48-07:00,0,6
projects\index.html,33,html,69540b56,Daniel Budidharma,2025-04-03,15:00:48,-07:00,2025-04-03T15:00:48-07:00,0,6
contact\index.html,1,html,69540b56,Daniel Budidharma,2025-04-03,15:00:48,-07:00,2025-04-03T15:00:48-07:00,0,14
contact\index.html,2,html,69540b56,Daniel Budidharma,2025-04-03,15:00:48,-07:00,2025-04-03T15:00:48-07:00,0,15
contact\index.html,3,html,69540b56,Daniel Budidharma,2025-04-03,15:00:48,-07:00,2025-04-03T15:00:48-07:00,0,5
contact\index.html,4,html,69540b56,Daniel Budidharma,2025-04-03,15:00:48,-07:00,2025-04-03T15:00:48-07:00,0,21
contact\index.html,5,html,69540b56,Daniel Budidharma,2025-04-03,15:00:48,-07:00,2025-04-03T15:00:48-07:00,0,69
contact\index.html,6,html,69540b56,Daniel Budidharma,2025-04-03,15:00:48,-07:00,2025-04-03T15:00:48-07:00,0,21
contact\index.html,7,html,938033e9,Daniel Budidharma,2025-04-04,14:23:48,-07:00,2025-04-04T14:23:48-07:00,0,42
contact\index.html,8,html,de0ece94,Daniel Budidharma,2025-04-09,18:35:51,-07:00,2025-04-09T18:35:51-07:00,0,61
contact\index.html,9,html,f509926e,Daniel Budidharma,2025-04-16,20:58:40,-07:00,2025-04-16T20:58:40-07:00,0,49
contact\index.html,10,html,69540b56,Daniel Budidharma,2025-04-03,15:00:48,-07:00,2025-04-03T15:00:48-07:00,0,6
contact\index.html,11,html,69540b56,Daniel Budidharma,2025-04-03,15:00:48,-07:00,2025-04-03T15:00:48-07:00,0,5
contact\index.html,12,html,f8c2d8ea,Daniel Budidharma,2025-04-03,17:21:49,-07:00,2025-04-03T17:21:49-07:00,0,15
contact\index.html,13,html,69540b56,Daniel Budidharma,2025-04-03,15:00:48,-07:00,2025-04-03T15:00:48-07:00,0,77
contact\index.html,14,html,69540b56,Daniel Budidharma,2025-04-03,15:00:48,-07:00,2025-04-03T15:00:48-07:00,0,33
contact\index.html,15,html,de0ece94,Daniel Budidharma,2025-04-09,18:35:51,-07:00,2025-04-09T18:35:51-07:00,0,32
contact\index.html,16,html,69540b56,Daniel Budidharma,2025-04-03,15:00:48,-07:00,2025-04-03T15:00:48-07:00,0,37
contact\index.html,17,html,de0ece94,Daniel Budidharma,2025-04-09,18:35:51,-07:00,2025-04-09T18:35:51-07:00,0,33
contact\index.html,18,html,69540b56,Daniel Budidharma,2025-04-03,15:00:48,-07:00,2025-04-03T15:00:48-07:00,0,31
contact\index.html,19,html,de0ece94,Daniel Budidharma,2025-04-09,18:35:51,-07:00,2025-04-09T18:35:51-07:00,0,32
contact\index.html,20,html,de0ece94,Daniel Budidharma,2025-04-09,18:35:51,-07:00,2025-04-09T18:35:51-07:00,0,34
contact\index.html,21,html,69540b56,Daniel Budidharma,2025-04-03,15:00:48,-07:00,2025-04-03T15:00:48-07:00,0,6
contact\index.html,22,html,69540b56,Daniel Budidharma,2025-04-03,15:00:48,-07:00,2025-04-03T15:00:48-07:00,0,6
contact\index.html,23,html,69540b56,Daniel Budidharma,2025-04-03,15:00:48,-07:00,2025-04-03T15:00:48-07:00,0,6
